Order,Color,N2_NoR,N10_NoR,N20_W,N2_W,N60_W,N8_NoR,N4_W,N60_NoR,N40_W,N80_W,N6_W,N10_W,N8_W,N20_NoR,N4_NoR,N80_NoR,N40_NoR,N6_NoR,N100_NoR,N100_W
1,Black,0.5773502691896257,0.5,0.5773502691896257,0.0,0.0,0.0,0.5773502691896257,0.0,0.4999999999999999,0.4999999999999999,0.5,0.5,0.5,0.9574271077563382,0.4999999999999999,0.4999999999999999,0.5,0.5773502691896257,0.0,0.5
1,Blue,4.112987559751022,4.573474244670748,3.403429642777024,0.8164965809277203,1.7320508075688772,1.8929694486000972,2.1602468994692803,3.774917217635374,3.696845502136472,2.2173557826083448,0.5000000000000047,0.9574271077563368,2.2173557826083528,2.7537852736430497,1.7320508075688772,3.685557397916,6.075908711186055,0.5000000000000047,2.160246899469287,2.2173557826083483
1,Green,5.50757054728611,7.041543391425875,10.40832999733067,3.403429642777025,3.366501646120693,2.1602468994692803,4.425306015783917,0.9574271077563404,13.601470508735453,3.1091263510296048,4.193248541803047,6.608075867199663,2.645751311064598,3.559026084010437,3.8622100754188233,5.852349955359813,18.874586088176876,4.725815626252611,2.217355782608345,4.546060565661952
1,Red,2.886751345948134,4.573474244670755,3.1091263510296048,1.914854215512676,4.349329450233297,1.2909944487358056,4.5092497528229005,1.707825127659933,5.066228051190223,2.1602468994692936,2.9860788111948198,1.7320508075688827,2.2173557826083483,3.1091263510296003,2.98607881119482,1.0000000000000049,5.852349955359805,5.066228051190229,3.201562118716424,1.825741858350556
1,White,1.8929694486000788,13.149778198382904,7.088723439378897,0.8164965809277376,5.678908345800284,3.415650255319866,4.031128874149275,2.886751345948129,9.251126057585289,4.5,2.581988897471626,6.350852961085875,2.629955639676589,1.5,4.434711565216692,4.4999999999999885,18.93849694845571,2.0615528128088143,6.952217871538075,1.2909944487358056
2,Black,0.5,0.0,1.0,0.5773502691896258,0.0,0.5773502691896257,0.4999999999999999,0.5,0.5773502691896257,0.5773502691896258,0.4999999999999999,0.0,0.5773502691896257,0.5,0.0,0.0,0.5,0.5773502691896257,0.5,0.816496580927726
2,Blue,3.304037933599828,6.454972243679028,1.8929694486000928,2.753785273643043,3.304037933599839,1.914854215512676,2.8722813232690143,3.366501646120686,2.0816659994661326,2.9860788111948167,3.696845502136465,1.8257418583505536,3.9475730941090057,2.081665999466135,3.55902608401044,1.7078251276599323,5.188127472091127,2.3804761428476167,1.4142135623730951,2.3629078131263013
2,Green,3.304037933599835,6.48074069840786,7.804912982645391,1.632993161855452,3.1622776601683795,2.5,3.593976442141304,5.057996968497838,14.696938456699067,1.8929694486000972,3.4641016151377544,5.3774219349672245,5.188127472091125,2.160246899469291,1.9999999999999951,5.678908345800268,15.58578412100805,4.7871355387816905,4.349329450233305,3.0956959368344554
2,Red,3.30403793359984,4.991659710623983,3.201562118716425,4.082482904638634,2.160246899469287,1.258305739211786,1.2583057392117898,2.499999999999999,4.112987559751022,0.816496580927726,1.4999999999999984,1.5,2.8722813232690143,0.816496580927726,0.816496580927726,1.8929694486000972,5.852349955359808,2.449489742783186,3.500000000000003,2.581988897471611
2,White,4.69041575982343,13.140268896284685,6.377042156569663,5.737304826019502,5.909032633745278,5.916079783099622,3.8622100754188113,2.0615528128088325,11.324751652906125,2.3804761428476167,4.031128874149262,5.446711546122731,0.816496580927726,3.741657386773938,2.3804761428476167,3.785938897200175,20.822663934601017,1.892969448600084,8.04155872120988,3.109126351029617
3,Black,0.4999999999999999,0.0,0.0,0.0,0.0,0.5,0.5773502691896258,0.0,0.4999999999999999,0.5773502691896257,0.5,0.0,0.5773502691896257,0.5,0.4999999999999999,0.5773502691896258,0.4999999999999999,0.5,0.4999999999999999,0.5773502691896257
3,Blue,1.5,6.244997998398396,4.193248541803044,1.7320508075688827,2.6299556396765835,3.7749172176353816,3.8622100754188224,1.4142135623730985,4.500000000000006,2.9439202887759497,3.4156502553198647,1.8257418583505525,2.380476142847623,2.0615528128088307,3.872983346207422,4.272001872658762,4.924428900898052,3.559026084010437,1.2583057392117925,0.9574271077563404
3,Green,1.4999999999999984,4.5,6.946221994724902,3.1091263510296048,6.291528696058957,3.593976442141304,2.7537852736430586,2.629955639676586,16.268579122549912,2.3804761428476167,1.7078251276599372,4.795831523312718,4.349329450233297,2.217355782608345,3.304037933599835,3.0956959368344448,12.84198842339716,4.69041575982343,2.217355782608345,2.21735578260834
3,Red,4.830458915396474,4.856267428111147,1.4142135623730985,2.5,3.3166247903554,1.290994448735802,3.30403793359984,1.4142135623730885,2.309401076758512,2.6299556396765897,3.1091263510296048,2.362907813126307,2.8722813232690143,4.203173404306164,3.8622100754188224,3.403429642777018,5.499999999999993,3.1091263510296048,3.1622776601683795,3.1091263510296003
3,White,2.4999999999999907,13.952299690970914,3.415650255319869,4.795831523312712,4.242640687119287,3.947573094109008,1.914854215512681,2.362907813126298,9.128709291752756,2.943920288775949,2.7080128015453098,2.449489742783178,4.690415759823428,5.188127472091127,4.24264068711929,11.030261405182864,16.91892431568862,4.43471156521668,6.271629240742258,1.892969448600084
4,Black,0.4999999999999999,0.5773502691896257,0.5773502691896257,0.4999999999999999,0.0,0.5773502691896257,0.5,0.0,0.5773502691896258,0.4999999999999999,0.9574271077563382,0.4999999999999999,0.0,0.5,0.4999999999999999,0.5773502691896257,0.957427107756338,0.5773502691896258,0.5,0.4999999999999999
4,Blue,2.886751345948129,5.802298395176403,1.707825127659933,2.0615528128088294,4.358898943540671,2.0615528128088303,2.217355782608345,0.9999999999999952,3.2015621187164323,0.5773502691896257,0.9574271077563404,2.7537852736430497,2.2173557826083528,1.5,2.5166114784235774,5.446711546122731,2.6457513110645907,1.707825127659933,2.6457513110645907,2.8284271247461867
4,Green,3.7859388972001855,4.163331998932272,11.086778913041732,2.0615528128088294,7.25718035235908,5.446711546122731,2.0816659994661397,2.645751311064583,18.7794213613377,2.7537852736430537,2.6299556396765835,6.055300708194983,1.7078251276599288,3.109126351029608,6.855654600401047,3.696845502136472,18.23915202707261,3.109126351029608,4.99165971062398,6.551081335677856
4,Red,1.8929694486000972,2.6457513110645907,1.7078251276599343,1.5,2.8722813232690143,0.816496580927726,4.69041575982343,1.4142135623730985,3.5939764421413085,2.1602468994692936,2.0615528128088294,2.8284271247461903,1.2583057392117971,2.8284271247461934,2.3804761428476167,2.7537852736430484,5.909032633745278,3.304037933599835,4.924428900898058,2.7537852736430586
4,White,6.403124237432838,12.192894105447907,2.708012801545327,4.43471156521668,7.549834435270748,4.112987559751022,5.315072906367335,2.3804761428476167,12.151817422372122,3.3166247903554,3.774917217635375,5.259911279353167,3.4034296427770325,2.8284271247461965,5.03322295684717,4.082482904638646,24.26245384677046,3.559026084010437,7.228416147400491,4.76095228569523
5,Black,0.0,0.5,0.5773502691896257,0.0,0.0,0.5,0.5,0.5773502691896257,0.5,0.957427107756338,0.5,0.5773502691896257,0.5,0.0,0.0,0.5773502691896257,0.5773502691896257,0.5,0.0,0.4999999999999999
5,Blue,4.499999999999997,5.852349955359813,2.449489742783178,3.366501646120686,3.403429642777024,1.707825127659926,1.2583057392117971,1.7078251276599288,1.914854215512676,4.349329450233296,1.1547005383792517,2.500000000000002,3.6514837167011,3.2015621187164247,1.8929694486000972,2.8722813232690165,3.4641016151377544,4.573474244670749,2.217355782608347,2.75378527364305
5,Green,5.852349955359805,3.8622100754188224,4.112987559751029,3.304037933599835,8.995369179009087,3.1091263510296048,3.403429642777025,6.652067347825035,12.893796958227618,5.25198375219625,4.242640687119287,5.67890834580027,2.516611478423589,8.539125638299666,1.2583057392117898,3.559026084010444,17.748239349298853,2.081665999466128,1.4999999999999922,3.559026084010437
5,Red,3.872983346207417,2.9860788111948198,1.707825127659933,4.546060565661955,1.4142135623730951,1.8929694486000972,3.559026084010437,2.44948974278318,4.349329450233292,3.559026084010444,3.559026084010437,1.7078251276599288,2.3804761428476167,2.75378527364305,0.816496580927726,3.304037933599835,3.872983346207417,2.6457513110645907,0.957427107756338,3.4034296427770303
5,White,2.217355782608339,14.445299120013631,2.3804761428476167,2.309401076758503,6.898067362191631,2.0816659994661326,3.109126351029599,3.651483716701113,14.888474289418197,2.9439202887759586,5.066228051190222,7.745966692414834,4.358898943540659,3.785938897200195,6.976149845485455,2.9860788111948198,19.155068954891973,2.21735578260833,1.914854215512681,2.5
6,Black,0.816496580927726,0.0,0.0,0.957427107756338,0.4999999999999999,0.4999999999999999,0.5773502691896257,0.0,0.5,0.4999999999999999,0.4999999999999999,0.0,0.957427107756338,0.5773502691896257,0.5773502691896257,0.9574271077563382,0.4999999999999999,0.5,0.4999999999999999,0.4999999999999999
6,Blue,4.349329450233303,4.5,2.2173557826083434,3.000000000000008,1.5000000000000009,0.957427107756338,2.217355782608345,4.272001872658765,2.217355782608346,2.380476142847617,2.0615528128088245,3.5,2.8722813232690085,3.559026084010437,4.082482904638634,2.500000000000004,5.188127472091127,1.4999999999999984,3.304037933599835,3.201562118716424
6,Green,1.914854215512676,5.446711546122735,11.387127235025815,1.892969448600095,5.066228051190215,3.403429642777025,2.160246899469287,3.304037933599836,15.819292019556377,2.3629078131263013,3.304037933599835,10.53169818531972,1.1547005383792517,2.8722813232690143,2.160246899469291,3.3166247903553967,14.47987108598231,2.21735578260834,1.825741858350556,1.4999999999999922
6,Red,2.081665999466128,3.829708431025352,0.9574271077563404,2.217355782608345,4.203173404306164,1.8257418583505536,2.160246899469287,2.5166114784235774,2.9860788111948198,2.943920288775949,3.593976442141304,0.957427107756338,2.8722813232690143,2.9860788111948198,3.6968455021364672,3.2015621187164243,4.2720018726587625,3.774917217635375,2.5819888974716148,2.061552812808836
6,White,3.862210075418836,11.528949070347508,6.271629240742258,2.8722813232690143,5.916079783099618,3.415650255319852,2.9999999999999845,1.892969448600084,9.848857801796116,2.708012801545327,2.217355782608345,2.217355782608356,3.774917217635376,2.160246899469287,4.163331998932252,3.0956959368344563,18.814887722226768,4.203173404306151,2.828427124746177,2.6299556396765835
7,Black,0.0,0.5773502691896257,0.5,0.5,0.4999999999999999,1.0,0.4999999999999999,0.5773502691896258,0.5,0.816496580927726,0.0,0.0,0.4999999999999999,0.5,0.5773502691896258,0.5773502691896258,0.5773502691896257,0.5773502691896257,0.4999999999999999,0.5773502691896257
7,Blue,2.986078811194816,6.130524719249837,3.415650255319867,1.7320508075688772,2.5166114784235805,2.081665999466126,1.8929694486000876,3.2015621187164243,2.943920288775949,1.2909944487358074,3.559026084010444,3.000000000000001,1.2909944487358056,3.593976442141304,4.242640687119293,2.160246899469288,3.7749172176353705,2.2173557826083528,2.9860788111948198,3.7859388972001855
7,Green,3.862210075418827,5.830951894845306,10.21028892833107,4.573474244670751,7.023769168568493,2.21735578260834,3.511884584284238,1.4142135623730985,14.07124727947028,3.162277660168381,1.914854215512676,6.557438524302003,4.242640687119285,3.774917217635375,3.000000000000008,3.304037933599835,16.918924315688635,2.645751311064587,2.3804761428476167,4.856267428111162
7,Red,3.304037933599836,7.22841614740048,3.8622100754188207,1.2909944487358056,2.160246899469287,1.914854215512676,2.3804761428476207,2.380476142847611,3.651483716701115,2.217355782608345,2.8722813232690134,2.217355782608345,1.7078251276599343,4.242640687119277,3.1622776601683777,1.9148542155126735,5.80229839517641,2.217355782608345,1.8929694486000972,4.08248290463863
7,White,3.559026084010437,13.07669683062203,6.130524719249841,2.3804761428476167,4.725815626252614,2.217355782608345,2.943920288775949,2.0615528128088325,15.435349040433117,2.645751311064598,4.320493798938582,1.2909944487358056,2.943920288775949,2.160246899469287,1.707825127659933,3.109126351029617,21.322914122292637,2.0615528128088303,2.8722813232690143,3.4034296427770188
8,Black,0.4999999999999999,0.5773502691896257,0.4999999999999999,0.816496580927726,0.5773502691896258,0.5773502691896257,0.5,0.5773502691896258,0.5,0.957427107756338,0.5,0.5773502691896257,0.816496580927726,0.5,0.4999999999999999,0.0,0.5773502691896258,0.0,0.5,0.5
8,Blue,5.477225575051661,7.874007874011808,2.500000000000004,2.0615528128088303,1.5000000000000009,1.707825127659933,0.9574271077563404,1.2909944487358056,1.7078251276599288,3.304037933599832,2.0816659994661326,3.4034296427770254,3.162277660168381,3.316624790355404,3.1622776601683764,3.741657386773941,5.123475382979796,2.6299556396765897,3.304037933599832,3.304037933599835
8,Green,7.895146188218015,3.559026084010441,7.767453465154023,3.162277660168381,5.196152422706636,0.816496580927726,1.2583057392117898,1.9148542155126735,11.67618659209132,2.6457513110645943,2.943920288775949,7.455423082115011,2.3804761428476167,3.872983346207417,5.315072906367329,5.737304826019502,13.961255912942311,3.415650255319862,7.719024117939603,2.217355782608345
8,Red,3.0000000000000013,0.9999999999999952,2.500000000000005,3.0956959368344448,1.892969448600095,2.3804761428476207,3.6514837167011,2.6457513110645907,2.4494897427831703,2.449489742783186,3.46410161513776,0.8164965809277203,1.7320508075688772,3.1091263510296003,3.559026084010429,4.1231056256176615,1.258305739211786,2.0000000000000044,1.7320508075688827,3.464101615137752
8,White,4.546060565661942,11.086778913041712,4.991659710623994,0.4999999999999905,8.524474568362947,2.4494897427831743,2.6457513110645943,2.061552812808828,10.781929326423928,2.6299556396765924,3.415650255319866,3.915780041490229,1.707825127659947,4.932882862316245,3.095695936834444,3.774917217635375,21.486429825977748,2.9439202887759617,2.943920288775949,3.3665016461206814
9,Black,0.0,0.0,0.0,0.0,0.0,0.5773502691896257,0.5,0.4999999999999999,0.5,0.957427107756338,0.0,0.4999999999999999,0.5773502691896257,0.0,0.4999999999999999,0.5,0.5773502691896257,0.5,0.0,0.5
9,Blue,3.3665016461206885,5.354126134736337,1.4142135623730951,2.160246899469287,2.7537852736430524,3.415650255319873,3.1091263510296048,1.290994448735802,3.593976442141301,2.7080128015453173,2.6299556396765835,0.8164965809277289,4.0414518843273886,3.304037933599835,0.957427107756338,2.081665999466135,6.18465843842649,2.6299556396765835,3.2015621187164203,2.3804761428476167
9,Green,2.629955639676581,5.619905100029129,9.678154093971983,3.862210075418827,5.972157622389639,4.64578662158878,2.8722813232690103,1.8929694486000876,11.902380714238085,1.258305739211786,1.4142135623730985,8.981462390204987,4.573474244670748,4.991659710623987,2.217355782608345,1.9148542155126735,16.29928423786353,1.2583057392117898,4.5092497528229005,5.802298395176403
9,Red,2.8284271247461867,2.500000000000005,4.99165971062398,4.031128874149278,5.123475382979804,2.645751311064589,3.2015621187164243,1.914854215512676,3.403429642777018,2.0615528128088294,3.316624790355407,2.217355782608345,0.8164965809277203,2.449489742783178,2.499999999999999,4.546060565661952,4.031128874149268,1.632993161855452,2.87228132326902,1.7078251276599343
9,White,3.8622100754188224,15.777093099385164,3.593976442141304,4.573474244670748,3.5000000000000013,2.645751311064587,2.160246899469287,2.7080128015453098,12.06579186515886,3.774917217635361,2.6457513110645765,3.109126351029614,3.3665016461207014,2.217355782608345,4.08248290463863,3.3166247903554056,22.66237704507923,4.716990566028297,3.774917217635375,4.760952285695222
10,Black,0.4999999999999999,0.4999999999999999,0.5773502691896258,0.0,0.4999999999999999,0.4999999999999999,0.0,0.5773502691896258,0.5,0.5,0.0,0.5,0.5773502691896257,0.0,1.0,0.5,0.5773502691896257,0.0,0.0,0.0
10,Blue,2.943920288775957,4.123105625617657,2.309401076758503,2.6457513110645907,3.403429642777022,1.2909944487358056,2.986078811194816,2.5000000000000067,4.991659710623982,3.0,3.915780041490245,0.9574271077563368,0.9999999999999952,2.8722813232690143,1.2583057392117971,2.081665999466135,4.509249752822888,1.290994448735802,2.449489742783177,1.632993161855452
10,Green,3.55902608401044,5.25198375219625,9.535023160258536,3.947573094108999,3.947573094109002,2.081665999466128,2.2173557826083528,2.6299556396765835,14.53730832490436,1.2909944487358056,4.573474244670748,7.788880963698615,5.507570547286103,3.8622100754188224,3.774917217635374,6.055300708194978,15.75859553809708,1.892969448600095,3.915780041490251,2.081665999466126
10,Red,2.8722813232690143,3.862210075418827,2.217355782608345,2.6299556396765835,1.914854215512676,3.366501646120697,3.415650255319866,4.242640687119285,2.1602468994692847,2.9860788111948198,1.2909944487358056,3.304037933599827,2.500000000000001,1.892969448600095,1.258305739211786,2.943920288775949,3.1622776601683715,1.825741858350556,3.0,3.0
10,White,2.0816659994661326,13.291601358251256,3.366501646120693,2.0615528128088463,6.855654600401041,0.957427107756353,3.1622776601683795,3.304037933599848,13.225606476327153,3.774917217635375,2.0816659994661326,6.652067347825052,1.7078251276599303,3.9999999999999902,4.69041575982343,2.828427124746177,19.60442127004347,2.8722813232690143,2.0000000000000093,2.160246899469291
11,Black,0.5,0.4999999999999999,0.5773502691896258,0.816496580927726,0.816496580927726,0.5,0.5773502691896257,0.5,0.5,0.5773502691896257,0.0,0.5773502691896257,0.5,0.0,0.0,0.5773502691896257,0.5,0.0,0.5,0.0
11,Blue,2.7537852736430537,4.99165971062398,3.304037933599835,1.707825127659933,2.081665999466135,2.3804761428476167,2.9860788111948198,1.4999999999999984,4.041451884327388,3.1091263510296048,2.9860788111948198,2.872281323269014,1.6329931618554578,3.162277660168378,2.645751311064587,2.061552812808828,2.87228132326902,1.4142135623731018,1.258305739211789,3.403429642777025
11,Green,4.690415759823434,5.560275772537426,15.534906930308065,4.716990566028304,5.744562646538034,4.546060565661951,2.75378527364305,2.645751311064587,17.03672503740082,0.9574271077563308,2.6299556396765835,7.041543391425862,2.1602468994692936,2.3804761428476167,2.9860788111948198,5.439056290693567,15.79029237643602,1.4142135623730916,3.862210075418827,1.2909944487358056
11,Red,6.075908711186061,2.581988897471604,3.4034296427770165,0.5773502691896257,3.403429642777029,2.2173557826083528,2.6299556396765844,4.082482904638627,3.559026084010441,0.816496580927726,4.16333199893227,3.2015621187164163,2.1602468994692803,2.8867513459481358,4.434711565216696,2.629955639676578,5.123475382979799,2.21735578260834,2.7537852736430537,3.55902608401044
11,White,3.7749172176353687,12.124355652982128,3.593976442141304,1.892969448600084,9.604686356149276,1.500000000000003,1.5,3.593976442141304,10.862780491200205,2.362907813126298,2.217355782608345,3.095695936834447,1.4142135623731018,3.1622776601683795,4.1129875597510255,6.85565460040103,22.173557826083464,3.4641016151377544,2.70801280154533,2.872281323269006
12,Black,0.0,0.5773502691896257,0.5773502691896258,0.4999999999999999,0.4999999999999999,0.5,0.4999999999999999,0.4999999999999999,0.0,0.0,0.957427107756338,0.5773502691896257,0.5773502691896257,0.5,0.5773502691896258,0.5773502691896257,0.5773502691896257,0.5,0.5773502691896257,0.0
12,Blue,3.559026084010429,6.055300708194984,2.645751311064587,2.160246899469287,1.7078251276599323,2.629955639676578,1.4142135623730885,4.5092497528229005,0.9574271077563404,0.957427107756338,2.9439202887759537,1.5000000000000009,2.1602468994692847,3.593976442141304,3.559026084010429,2.6457513110645907,1.914854215512676,4.795831523312712,2.500000000000002,4.031128874149268
12,Green,4.112987559751022,6.377042156569672,15.6498136304132,5.9090326337452765,8.05708797684788,3.774917217635375,3.1622776601683764,4.5,15.416441439796229,0.9574271077563404,3.4641016151377544,8.99536917900909,1.7320508075688772,4.546060565661952,2.581988897471611,5.066228051190227,15.755951256588736,4.031128874149272,4.96655480858378,2.581988897471604
12,Red,4.5,3.366501646120697,0.9574271077563404,4.358898943540674,2.886751345948129,1.258305739211786,2.581988897471611,3.1622776601683764,3.947573094108999,2.629955639676581,3.915780041490245,1.1547005383792432,2.943920288775949,5.499999999999995,2.6457513110645907,0.9574271077563457,6.238322424070961,2.7080128015453253,2.0615528128088223,2.160246899469291
12,White,2.753785273643056,13.301002468485862,3.696845502136472,2.886751345948139,6.608075867199672,2.3804761428476087,5.56027577253744,2.4494897427831743,13.671747023210555,4.716990566028315,3.0,3.696845502136472,2.8722813232690143,4.112987559751007,2.5,2.217355782608345,22.583179581272443,2.217355782608345,3.5939764421413107,5.196152422706632
13,Black,0.0,0.5,0.4999999999999999,0.957427107756338,0.816496580927726,0.5773502691896257,0.5773502691896257,0.5,0.4999999999999999,0.5,0.0,0.5773502691896257,0.5,0.5,0.0,0.4999999999999999,0.0,0.816496580927726,0.5,0.4999999999999999
13,Blue,1.632993161855452,2.9860788111948167,2.061552812808828,2.9439202887759537,2.0615528128088303,1.2583057392117898,4.112987559751027,2.9860788111948198,1.707825127659933,2.886751345948133,0.5,1.7320508075688772,2.8722813232690143,1.5,3.593976442141304,2.516611478423586,3.862210075418816,2.217355782608345,1.290994448735802,4.12310562561766
13,Green,3.91578004149024,5.259911279353167,13.341664064126334,3.0956959368344497,6.701989754294367,5.737304826019508,2.217355782608345,1.5,15.01943185787442,3.415650255319862,4.242640687119287,11.842719282327012,3.74165738677394,2.0615528128088303,3.829708431025352,3.872983346207417,13.200378782444083,3.8729833462074144,3.8622100754188224,3.593976442141301
13,Red,2.75378527364305,2.160246899469287,2.5000000000000067,3.304037933599835,5.033222956847161,3.651483716701108,3.5,3.0000000000000013,1.707825127659933,2.6299556396765835,3.403429642777021,2.9860788111948198,0.9574271077563308,2.5166114784235774,1.825741858350546,3.304037933599835,3.829708431025345,4.203173404306157,3.862210075418816,3.3040379335998318
13,White,2.7537852736430666,12.175795661885935,3.9999999999999902,0.957427107756338,5.228129047119374,2.6299556396765835,2.160246899469287,2.828427124746177,14.571661996262945,6.683312551921141,2.160246899469278,2.0000000000000093,4.795831523312712,5.737304826019502,2.6299556396765835,5.057996968497847,20.992061991778385,3.872983346207417,4.203173404306166,2.217355782608345
14,Black,0.4999999999999999,0.5773502691896257,0.4999999999999999,0.816496580927726,0.4999999999999999,0.0,0.0,0.5773502691896257,0.5773502691896257,0.9574271077563382,0.5773502691896258,0.4999999999999999,0.5,0.4999999999999999,0.5,0.4999999999999999,0.816496580927726,0.4999999999999999,0.5,0.0
14,Blue,1.8257418583505536,5.000000000000004,0.9574271077563368,1.8929694486000972,4.795831523312719,1.5,3.774917217635374,1.825741858350556,3.201562118716428,1.7078251276599323,3.593976442141304,0.957427107756338,2.2173557826083528,2.5166114784235822,3.741657386773948,2.3629078131263057,6.701989754294361,2.9439202887759475,1.258305739211789,3.2015621187164243
14,Green,7.3484692283495345,4.546060565661952,13.32916601542147,4.16333199893227,4.272001872658762,2.645751311064589,3.947573094109007,1.2583057392117898,17.19253714067047,3.304037933599836,3.872983346207417,5.066228051190222,2.9439202887759475,2.0615528128088303,1.825741858350546,3.4156502553198647,20.041623354076552,2.872281323269015,6.218252702059216,4.546060565661951
14,Red,3.915780041490247,4.112987559751022,2.6457513110645907,3.415650255319873,3.5,2.6299556396765835,3.651483716701105,5.416025603090644,1.5000000000000016,2.8867513459481358,2.0615528128088223,2.0816659994661326,2.061552812808836,4.99165971062398,3.593976442141302,1.707825127659933,5.802298395176403,1.9148542155126735,3.9475730941090057,3.593976442141302
14,White,2.645751311064598,12.675435561221027,6.800735254367722,2.217355782608356,6.238322424070967,2.5166114784235947,2.0000000000000093,2.217355782608345,13.375973484822204,4.24264068711927,2.8284271247461965,5.909032633745273,2.061552812808828,4.96655480858378,4.425306015783901,4.396968652757639,17.972200755611414,2.0615528128088303,3.915780041490251,1.8257418583505485
15,Black,0.0,0.4999999999999999,0.5773502691896257,0.5,0.5,0.0,0.5,0.957427107756338,0.4999999999999999,0.957427107756338,0.5,0.5,0.4999999999999999,0.957427107756338,0.0,0.5773502691896257,0.5773502691896258,0.5773502691896257,0.5773502691896257,0.0
15,Blue,2.2173557826083528,5.446711546122731,2.9860788111948198,2.217355782608345,1.914854215512676,3.593976442141304,3.4034296427770303,2.4494897427831703,1.4999999999999984,1.7320508075688772,2.081665999466126,2.160246899469287,1.9148542155126735,3.8622100754188224,2.6299556396765835,2.753785273643047,5.560275772537426,0.816496580927726,1.8929694486000892,4.193248541803047
15,Green,2.75378527364305,7.438637868140459,14.568802284333463,4.654746681256314,3.696845502136475,1.5,3.1622776601683764,2.8722813232690143,15.903353943953675,2.7080128015453147,3.9475730941090057,8.062257748298551,1.2583057392117898,1.8257418583505616,1.73205080756888,3.696845502136479,12.093386622447824,3.55902608401044,3.0000000000000013,0.577350269189634
15,Red,3.774917217635375,4.396968652757647,2.449489742783178,3.4641016151377544,5.057996968497832,1.2583057392117898,2.499999999999999,5.507570547286103,2.645751311064589,3.872983346207417,2.1602468994692847,0.5,3.403429642777018,2.7080128015453164,2.6299556396765835,2.3629078131262973,3.1622776601683715,2.0615528128088223,4.242640687119279,3.1091263510296048
15,White,3.2015621187164345,10.904891868637046,5.507570547286097,2.160246899469291,7.804912982645396,4.546060565661967,1.7078251276599303,3.2015621187164243,12.355835328567093,3.78593889720019,2.3804761428476167,6.557438524301986,3.593976442141304,5.916079783099616,1.4999999999999842,5.5,17.13670524536926,3.741657386773931,1.5,2.362907813126318
16,Black,0.5,0.4999999999999999,0.5,0.5773502691896257,0.4999999999999999,0.5773502691896257,1.0,0.0,0.4999999999999999,0.5773502691896258,0.0,0.4999999999999999,0.5,0.5773502691896257,0.5773502691896257,0.5773502691896258,0.5,0.5773502691896257,0.0,0.5773502691896257
16,Blue,2.0615528128088245,5.802298395176403,2.217355782608345,1.4142135623730951,1.707825127659931,4.991659710623983,2.8722813232690143,1.707825127659933,3.8729833462074144,4.645786621588784,1.1547005383792517,2.4494897427831743,2.160246899469287,1.7320508075688772,3.3040379335998327,1.0,6.344288770224766,2.0,3.0,1.4142135623730985
16,Green,6.291528696058955,4.546060565661958,15.022205785658338,3.0,2.0615528128088245,3.872983346207422,4.112987559751022,4.645786621588787,15.297058540778346,2.160246899469287,3.774917217635375,9.05538513813742,0.9574271077563404,1.7078251276599372,2.217355782608345,1.290994448735813,18.13835714721706,2.5,2.160246899469287,3.774917217635375
16,Red,1.7320508075688772,4.242640687119287,2.3804761428476167,4.082482904638626,2.999999999999992,5.315072906367325,1.9999999999999951,2.516611478423589,2.5000000000000067,2.943920288775949,2.8722813232690143,3.8622100754188224,2.449489742783186,2.0816659994661397,3.415650255319862,4.08248290463863,4.546060565661954,2.3804761428476167,0.5773502691896257,2.160246899469287
16,White,3.415650255319869,15.370426148939412,7.118052168020872,3.304037933599835,6.480740698407863,2.581988897471611,3.5118845842842625,3.1091263510296048,11.47460965203899,1.2583057392117951,3.872983346207412,2.943920288775949,1.2583057392118029,4.396968652757625,4.690415759823422,4.242640687119285,21.710212650578384,2.581988897471611,2.217355782608356,0.957427107756338
17,Black,0.4999999999999999,0.0,0.4999999999999999,0.5,0.4999999999999999,0.4999999999999999,0.5773502691896257,0.0,0.5,0.5773502691896257,0.4999999999999999,0.5773502691896257,0.5773502691896257,0.4999999999999999,0.0,0.5773502691896257,0.0,0.5773502691896257,0.4999999999999999,0.0
17,Blue,3.6968455021364672,4.349329450233292,2.1602468994692834,2.7080128015453147,1.2909944487358056,2.061552812808836,2.0615528128088223,2.217355782608345,1.2583057392117898,2.581988897471611,3.8622100754188224,2.645751311064587,2.0615528128088294,1.707825127659933,3.3166247903554,2.1602468994692847,6.601767440112794,4.690415759823424,1.91485421551268,3.1622776601683777
17,Green,4.112987559751022,7.274384280931732,15.945218719101968,3.304037933599835,4.99165971062398,3.403429642777021,0.5,3.415650255319873,18.48422751068237,4.272001872658758,5.196152422706636,8.225975119502044,2.629955639676581,3.8622100754188233,3.4034296427770165,4.795831523312721,11.87083260208258,1.8929694486000972,5.123475382979799,3.403429642777029
17,Red,2.217355782608342,2.87228132326902,4.573474244670748,6.020797289396148,2.943920288775949,3.741657386773935,4.203173404306164,3.499999999999995,2.2173557826083483,2.449489742783186,2.3804761428476087,2.8722813232690143,3.304037933599837,2.0615528128088245,3.403429642777021,4.242640687119285,4.690415759823434,4.5,1.732050807568872,3.0956959368344554
17,White,2.943920288775949,8.61684396980703,3.915780041490229,1.632993161855452,7.325753658611962,1.8929694486000788,2.645751311064598,3.1622776601683795,9.678154093971994,2.3804761428476087,4.654746681256298,4.645786621588794,5.715476066494097,2.8284271247461903,2.6299556396765924,5.057996968497831,21.422340363897373,4.690415759823432,1.7078251276599303,3.696845502136472
18,Black,0.957427107756338,0.5,0.5773502691896257,0.5773502691896257,0.816496580927726,0.5773502691896257,0.0,0.5773502691896258,0.5773502691896258,0.5773502691896258,0.5,0.0,0.0,0.5,0.5,0.5,0.5,0.5,0.0,0.0
18,Blue,2.061552812808831,7.164728420068223,2.160246899469287,5.066228051190215,0.9574271077563344,4.654746681256314,3.1622776601683795,2.3804761428476207,2.3804761428476207,3.559026084010437,3.511884584284238,3.316624790355401,1.825741858350556,1.4142135623730934,3.304037933599841,3.3040379335998367,3.55902608401044,3.403429642777018,1.914854215512676,2.0816659994661326
18,Green,3.8622100754188224,6.137317546507322,8.99536917900909,4.193248541803043,4.509249752822899,2.3804761428476167,2.5166114784235774,3.000000000000008,17.568911937472592,3.0000000000000013,3.464101615137752,10.661457061146317,2.217355782608342,2.581988897471611,3.109126351029599,2.7537852736430537,13.961255912942306,1.7320508075688743,5.196152422706632,2.581988897471604
18,Red,4.358898943540669,1.1547005383792517,1.892969448600095,1.8929694486000876,1.7078251276599372,3.304037933599835,2.061552812808831,2.6457513110645943,3.5939764421413085,3.774917217635375,2.500000000000001,1.258305739211786,1.0000000000000049,4.991659710623978,2.160246899469287,2.6457513110645925,5.619905100029118,4.08248290463863,2.581988897471611,2.217355782608345
18,White,5.123475382979799,14.056433876817184,5.744562646538029,2.0615528128088303,6.652067347825022,3.69684550213646,1.707825127659933,2.0615528128088463,7.762087348130012,1.914854215512681,2.1602468994693,5.887840577551888,1.8929694486000987,3.947573094109,4.082482904638619,5.05799696849784,19.311050377094112,3.696845502136472,2.3094010767584865,3.3166247903554056
19,Black,0.0,0.5773502691896257,0.0,0.0,0.4999999999999999,0.0,0.5,0.5,0.4999999999999999,0.5,0.5,0.4999999999999999,0.5773502691896257,0.5773502691896258,0.0,0.957427107756338,0.5773502691896258,0.5773502691896257,0.4999999999999999,0.0
19,Blue,2.98607881119482,5.22812904711937,2.0615528128088343,0.957427107756338,2.8722813232690143,3.74165738677394,3.109126351029608,3.559026084010437,0.5,3.2015621187164247,1.8929694486000876,1.707825127659931,3.829708431025355,1.732050807568876,1.7078251276599343,4.856267428111157,5.715476066494082,1.7078251276599343,1.290994448735802,1.4999999999999922
19,Green,6.16441400296898,4.123105625617669,6.84957419601151,6.557438524301995,6.291528696058957,2.8867513459481207,2.0615528128088294,3.30403793359984,15.947831618540922,3.1091263510296048,2.217355782608345,11.615363389350618,3.696845502136472,2.1602468994692847,4.99165971062398,2.160246899469287,14.728091073410242,3.774917217635374,4.193248541803047,5.228129047119372
19,Red,1.914854215512676,0.9574271077563404,3.1091263510296048,3.2015621187164243,3.499999999999995,2.6299556396765897,3.403429642777018,3.201562118716424,5.123475382979794,1.2909944487358056,1.914854215512676,5.43905629069358,2.3804761428476167,4.031128874149275,4.830458915396485,2.8284271247461867,4.787135538781694,2.217355782608345,1.7078251276599343,3.0956959368344554
19,White,3.162277660168394,9.215023964519377,3.0956959368344563,1.8929694486000987,6.480740698407862,1.2583057392117951,1.8929694486000788,4.358898943540678,13.114877048604,1.4142135623730951,0.957427107756338,8.04155872120988,3.862210075418814,2.9860788111948198,1.8929694486000788,4.031128874149267,24.569628948493836,3.3665016461206814,4.320493798938574,3.8622100754188224
20,Black,0.0,0.0,0.4999999999999999,0.4999999999999999,0.5,0.5773502691896257,0.4999999999999999,0.5773502691896257,0.5773502691896257,0.5,0.0,0.5,0.5,0.5773502691896258,0.0,0.5,0.4999999999999999,0.4999999999999999,0.0,0.0
20,Blue,1.8257418583505536,4.99165971062398,1.4142135623730951,1.4999999999999984,4.203173404306164,2.629955639676578,2.44948974278318,3.6514837167011,3.0956959368344554,3.304037933599839,2.8867513459481358,1.258305739211789,2.160246899469287,1.5000000000000009,1.707825127659933,1.2583057392117944,2.7537852736430586,1.4142135623730951,2.1602468994692847,2.21735578260834
20,Green,4.242640687119285,5.43905629069358,7.325753658611974,1.825741858350556,8.180260794538686,2.645751311064587,1.892969448600095,2.5,16.51262143533445,3.872983346207417,2.7537852736430484,5.446711546122731,2.581988897471604,3.366501646120686,3.1091263510296048,3.201562118716425,18.571932227602662,1.2909944487358056,2.6457513110645907,1.8929694486000972
20,Red,2.3804761428476167,2.6299556396765897,0.5000000000000047,4.242640687119287,3.915780041490247,6.271629240742267,2.3629078131262973,3.741657386773941,4.193248541803047,4.645786621588787,3.304037933599836,0.5773502691896257,1.825741858350556,3.947573094109002,2.3804761428476167,3.0956959368344554,5.377421934967226,2.160246899469287,1.5000000000000078,4.509249752822889
20,White,4.6457866215887815,11.972189997378631,3.109126351029614,1.7320508075688772,5.795112883571234,1.632993161855452,2.217355782608345,1.707825127659933,9.742518497116988,4.320493798938582,1.8257418583505485,5.597618541248903,1.8257418583505691,5.909032633745278,3.304037933599835,7.088723439378913,18.732769861039426,3.4156502553198576,2.449489742783193,2.5
21,Black,0.816496580927726,0.5,0.4999999999999999,0.4999999999999999,0.4999999999999999,0.0,0.5,0.4999999999999999,0.0,0.5773502691896257,0.0,0.5773502691896257,0.5,0.0,0.5,0.5773502691896257,0.5773502691896257,0.5773502691896257,0.5,0.4999999999999999
21,Blue,5.4390562906935775,3.4641016151377544,2.0816659994661326,1.8929694486000876,3.593976442141304,1.8929694486000876,1.6329931618554578,3.862210075418824,4.425306015783917,0.9574271077563368,1.707825127659933,2.6299556396765835,2.3804761428476087,5.066228051190222,2.0615528128088303,1.499999999999996,4.932882862316242,2.516611478423585,0.816496580927726,1.2909944487358056
21,Green,4.654746681256314,4.645786621588792,7.274384280931732,1.825741858350556,7.416198487095667,5.80229839517641,2.8284271247461903,2.9439202887759537,16.94107434609741,4.123105625617661,2.217355782608345,7.5,6.499999999999993,2.943920288775949,2.1602468994692936,3.1091263510296048,12.419742348374225,1.4142135623730951,2.581988897471611,3.774917217635375
21,Red,2.0816659994661326,2.6299556396765835,4.69041575982343,2.9860788111948198,3.559026084010441,3.304037933599828,3.46410161513776,5.188127472091127,1.258305739211786,3.872983346207412,2.1602468994692847,2.7080128015453253,2.8867513459481358,2.0615528128088383,3.109126351029608,2.9860788111948198,4.99165971062398,2.0615528128088294,2.1602468994692847,3.593976442141297
21,White,3.095695936834444,13.540064007726611,4.546060565661952,2.309401076758503,5.678908345800279,2.8722813232690143,2.9999999999999845,0.816496580927726,6.928203230275498,2.3804761428476326,0.9999999999999905,7.410578025138585,3.5118845842842465,5.377421934967215,2.6299556396765835,2.362907813126298,23.05789814069501,2.516611478423572,3.774917217635391,2.943920288775949
22,Black,0.816496580927726,0.5,0.5,0.5773502691896257,0.5,0.5773502691896257,0.5773502691896257,0.5,0.0,0.5773502691896258,0.0,0.0,0.5,0.0,0.5773502691896258,0.5773502691896257,0.5773502691896257,0.5773502691896257,0.0,0.5
22,Blue,2.7537852736430537,4.573474244670748,3.304037933599835,1.825741858350546,2.500000000000002,1.707825127659933,1.9148542155126735,2.3804761428476167,1.5,2.645751311064587,2.943920288775949,2.5,1.9148542155126735,2.1602468994692847,1.5,4.991659710623977,4.573474244670748,2.160246899469287,2.3804761428476167,2.629955639676586
22,Green,3.3166247903554,6.1846584384264975,3.774917217635375,1.707825127659933,8.426149773176357,3.1091263510296048,5.188127472091127,4.031128874149268,16.87947471536561,2.160246899469287,0.816496580927726,7.615773105863907,1.825741858350556,1.707825127659926,4.193248541803036,3.4641016151377544,15.673757260678324,2.217355782608345,3.6968455021364712,2.217355782608345
22,Red,4.654746681256314,5.057996968497847,4.272001872658765,4.031128874149268,3.0,3.593976442141301,2.160246899469287,3.304037933599828,2.3804761428476167,2.87228132326902,1.707825127659926,3.774917217635375,3.3166247903554,2.9860788111948198,1.4142135623730985,3.774917217635376,7.274384280931739,3.403429642777018,2.4999999999999933,1.2909944487358056
22,White,3.4999999999999933,13.275918047351754,6.377042156569663,3.1091263510296048,5.830951894845299,6.075908711186052,4.031128874149269,2.21735578260833,9.32737905308883,4.242640687119285,0.9999999999999905,4.573474244670748,1.8929694486000788,3.5000000000000013,4.193248541803031,3.593976442141304,15.198684153570664,1.5000000000000158,2.3804761428476167,1.632993161855452
23,Black,0.4999999999999999,0.5773502691896257,0.5,0.5773502691896257,0.5,0.0,0.4999999999999999,0.4999999999999999,0.5773502691896258,0.5773502691896258,0.5,0.5773502691896257,0.4999999999999999,0.5,0.5773502691896258,0.5,0.5,1.0,0.0,0.0
23,Blue,4.966554808583774,8.582928793055823,2.629955639676583,0.9999999999999952,2.06155281280883,2.499999999999999,2.3804761428476167,3.499999999999995,1.2583057392117898,2.7080128015453218,1.1547005383792517,1.5,2.500000000000005,3.304037933599835,2.9439202887759475,4.08248290463863,3.4156502553198647,3.862210075418827,2.2173557826083434,1.2909944487358056
23,Green,4.645786621588786,6.683312551921141,5.972157622389646,4.509249752822899,5.315072906367325,0.957427107756338,0.5773502691896257,0.957427107756338,17.606816861659002,3.741657386773943,3.1091263510296048,6.952217871538071,3.559026084010441,0.9574271077563457,2.2173557826083528,4.96655480858378,12.203141671990318,1.8929694486000972,5.560275772537426,1.825741858350556
23,Red,4.123105625617669,4.112987559751023,3.403429642777025,0.957427107756338,2.629955639676581,1.4142135623731018,3.3665016461206982,2.160246899469291,2.44948974278318,0.957427107756338,2.217355782608345,1.2583057392117971,3.593976442141302,2.5,1.7078251276599372,4.645786621588787,4.0414518843273886,3.872983346207422,1.8929694486000972,1.290994448735813
23,White,5.477225575051675,8.995369179009101,4.795831523312735,2.581988897471626,5.560275772537426,2.1602468994693,0.9999999999999905,1.7078251276599248,12.767145334803718,2.0615528128088325,3.109126351029596,2.160246899469287,3.862210075418814,5.066228051190212,3.829708431025337,4.89897948556636,20.66196183005542,1.2909944487358056,2.943920288775949,2.217355782608345
24,Black,0.0,0.5773502691896257,0.5,1.1547005383792517,0.5773502691896258,0.5,0.0,0.0,0.4999999999999999,0.4999999999999999,0.0,0.5,0.0,0.5773502691896257,0.4999999999999999,0.5,0.5773502691896257,0.5,0.5773502691896257,0.5
24,Blue,5.560275772537426,5.439056290693577,3.7749172176353754,2.9860788111948198,3.4034296427770254,3.0000000000000013,3.2015621187164207,5.322906474223778,0.957427107756338,3.2015621187164247,2.8722813232690143,2.217355782608341,3.915780041490237,1.2909944487358056,3.0000000000000013,2.160246899469287,4.112987559751022,2.645751311064598,4.242640687119287,0.9574271077563404
24,Green,2.3804761428476167,4.924428900898047,5.909032633745282,0.957427107756338,4.690415759823431,2.21735578260834,2.6299556396765835,2.449489742783176,17.173137938847006,1.4142135623730916,3.593976442141304,7.973915809270458,2.4999999999999933,4.349329450233301,2.217355782608342,4.500000000000004,14.361406616345072,4.654746681256309,2.6457513110645907,3.316624790355401
24,Red,0.5,5.507570547286094,3.403429642777025,0.5,4.112987559751022,1.8929694486000876,0.9574271077563404,4.43471156521669,2.6299556396765835,3.095695936834454,0.957427107756338,4.546060565661952,0.5773502691896257,4.349329450233296,2.160246899469287,2.8722813232690183,4.932882862316242,2.8284271247461867,3.0956959368344554,4.041451884327384
24,White,8.640987597877148,15.413738460650414,5.597618541248878,4.20317340430616,5.686240703077317,1.5,3.403429642777027,2.449489742783178,7.937253933193787,2.217355782608339,1.8929694486000987,2.986078811194833,3.201562118716408,1.707825127659933,1.4142135623730885,5.477225575051673,17.86057109949174,5.560275772537426,3.774917217635375,3.304037933599835
