Order,Color,P1000.csv,P1000_NRe.csv,P0.csv,P_soil.csv,P100_NRe.csv,P_emp.csv,P10_NRe.csv,P100.csv,P10.csv,P_urea.csv,P_water.csv
1,Black,3.9,5.2,6.333333333333333,4.0,6.1,5.0,5.15,3.95,4.55,8.333333333333334,6.333333333333333
1,Blue,27.19047619047619,338.42857142857144,291.0,133.66666666666666,330.7,277.0,326.0952380952381,36.95,56.75,321.3333333333333,291.0
1,Green,56.095238095238095,200.85714285714286,216.66666666666666,74.66666666666667,197.95238095238096,199.66666666666666,189.52380952380952,65.80952380952381,89.55,229.66666666666666,216.66666666666666
1,Red,59.57142857142857,343.7142857142857,353.3333333333333,124.66666666666667,339.6666666666667,331.3333333333333,322.3809523809524,73.33333333333333,106.38095238095238,350.6666666666667,353.3333333333333
1,White,136.47619047619048,836.3333333333334,810.5,321.5,821.6666666666666,767.75,793.8571428571429,169.04761904761904,241.66666666666666,843.75,810.5
2,Black,3.9,4.9,7.333333333333333,5.0,6.25,6.0,5.05,4.0,4.65,7.0,7.333333333333333
2,Blue,27.4,336.6,289.0,133.0,332.1,277.0,324.6666666666667,35.8,57.15,317.6666666666667,289.0
2,Green,56.285714285714285,201.66666666666666,217.66666666666666,73.0,197.76190476190476,199.33333333333334,190.14285714285714,66.61904761904762,89.45,228.0,217.66666666666666
2,Red,59.142857142857146,343.42857142857144,349.3333333333333,123.0,339.3333333333333,332.0,322.57142857142856,73.9047619047619,107.33333333333333,351.3333333333333,349.3333333333333
2,White,134.85714285714286,837.952380952381,807.5,324.0,819.9047619047619,769.0,793.1904761904761,169.52380952380952,243.04761904761904,841.25,807.5
3,Black,4.15,5.25,7.0,3.6666666666666665,5.8,5.666666666666667,5.2,4.1,4.65,7.0,7.0
3,Blue,27.95,337.15,287.6666666666667,135.66666666666666,332.75,276.3333333333333,324.85714285714283,36.4,56.4,315.6666666666667,287.6666666666667
3,Green,56.38095238095238,201.1904761904762,217.66666666666666,72.66666666666667,197.47619047619048,198.66666666666666,190.0952380952381,66.52380952380952,90.2,228.0,217.66666666666666
3,Red,59.57142857142857,343.1904761904762,355.3333333333333,122.33333333333333,340.0,334.3333333333333,323.1904761904762,73.42857142857143,106.76190476190476,349.6666666666667,355.3333333333333
3,White,135.47619047619048,836.047619047619,812.75,321.0,822.0952380952381,769.0,793.952380952381,169.66666666666666,243.04761904761904,842.5,812.75
4,Black,3.75,4.95,5.666666666666667,3.6666666666666665,5.85,5.333333333333333,5.15,3.85,4.6,7.0,5.666666666666667
4,Blue,27.5,337.65,288.6666666666667,134.0,332.7,275.0,325.8,36.85,57.3,317.3333333333333,288.6666666666667
4,Green,55.476190476190474,201.23809523809524,216.66666666666666,74.33333333333333,197.33333333333334,199.0,189.0,66.76190476190476,89.95,230.66666666666666,216.66666666666666
4,Red,59.714285714285715,344.6190476190476,350.0,123.66666666666667,338.6666666666667,335.0,322.2857142857143,73.52380952380952,106.33333333333333,347.6666666666667,350.0
4,White,135.52380952380952,835.3809523809524,811.25,319.0,821.6190476190476,768.25,794.8571428571429,168.61904761904762,242.9047619047619,841.25,811.25
5,Black,3.7,4.85,7.333333333333333,4.666666666666667,6.05,5.333333333333333,5.05,3.8,4.25,8.0,7.333333333333333
5,Blue,27.15,337.9,292.6666666666667,134.66666666666666,331.85,275.0,326.05,36.45,56.4,320.3333333333333,292.6666666666667
5,Green,56.38095238095238,201.76190476190476,217.33333333333334,74.0,198.0952380952381,201.0,189.14285714285714,66.42857142857143,89.7,231.66666666666666,217.33333333333334
5,Red,59.285714285714285,343.5238095238095,349.6666666666667,125.0,341.1904761904762,333.0,321.23809523809524,73.80952380952381,106.28571428571429,352.0,349.6666666666667
5,White,135.0,836.5714285714286,807.0,319.0,821.0952380952381,765.75,794.2380952380952,168.38095238095238,242.1904761904762,841.5,807.0
6,Black,3.95,5.3,6.333333333333333,4.333333333333333,6.15,6.666666666666667,5.25,3.8,4.6,7.333333333333333,6.333333333333333
6,Blue,27.0,337.5,287.6666666666667,135.33333333333334,331.55,279.0,326.4,36.25,56.65,321.6666666666667,287.6666666666667
6,Green,55.76190476190476,201.33333333333334,216.0,75.0,196.71428571428572,201.0,189.66666666666666,65.95238095238095,88.95,225.33333333333334,216.0
6,Red,58.76190476190476,343.9047619047619,348.6666666666667,127.33333333333333,340.5238095238095,334.3333333333333,321.3333333333333,73.85714285714286,106.52380952380952,348.6666666666667,348.6666666666667
6,White,135.9047619047619,836.2380952380952,809.75,324.25,822.047619047619,767.5,793.5714285714286,169.71428571428572,242.47619047619048,841.5,809.75
7,Black,3.7,5.25,6.666666666666667,4.0,6.45,5.0,4.8,3.8,4.45,7.333333333333333,6.666666666666667
7,Blue,26.95,337.65,289.0,134.66666666666666,333.5,279.6666666666667,324.15,36.75,56.7,319.0,289.0
7,Green,56.285714285714285,200.33333333333334,217.0,74.0,197.66666666666666,195.33333333333334,188.42857142857142,66.28571428571429,89.7,225.33333333333334,217.0
7,Red,59.285714285714285,344.3809523809524,349.3333333333333,124.66666666666667,339.57142857142856,336.0,321.8095238095238,73.0,106.61904761904762,348.6666666666667,349.3333333333333
7,White,134.1904761904762,835.952380952381,812.0,320.5,821.6666666666666,770.25,794.2380952380952,170.04761904761904,242.71428571428572,842.0,812.0
8,Black,4.05,5.2,7.333333333333333,5.0,5.95,6.333333333333333,5.15,3.9,4.6,8.0,7.333333333333333
8,Blue,27.45,338.0,290.3333333333333,137.33333333333334,332.65,278.0,325.75,36.6,55.9,318.6666666666667,290.3333333333333
8,Green,55.61904761904762,202.0952380952381,218.0,72.66666666666667,198.1904761904762,199.33333333333334,188.8095238095238,66.15,89.55,229.0,218.0
8,Red,59.19047619047619,343.8095238095238,352.6666666666667,122.0,341.6666666666667,334.6666666666667,320.6190476190476,73.42857142857143,106.85714285714286,355.3333333333333,352.6666666666667
8,White,134.8095238095238,835.5238095238095,810.25,321.25,821.7619047619048,768.75,794.5238095238095,168.71428571428572,241.47619047619048,839.75,810.25
9,Black,3.95,5.25,7.0,4.0,6.25,5.666666666666667,4.95,3.7,4.55,7.333333333333333,7.0
9,Blue,27.0,336.8,290.6666666666667,132.66666666666666,332.85,274.6666666666667,325.25,36.3,56.45,317.3333333333333,290.6666666666667
9,Green,56.904761904761905,200.76190476190476,218.33333333333334,73.0,197.7,200.0,189.95238095238096,66.35,89.55,228.66666666666666,218.33333333333334
9,Red,59.476190476190474,343.5238095238095,352.0,123.33333333333333,339.6666666666667,330.0,322.0,73.38095238095238,107.57142857142857,349.3333333333333,352.0
9,White,134.66666666666666,834.2857142857143,806.5,323.0,821.6190476190476,766.5,794.2380952380952,168.61904761904762,241.85714285714286,841.25,806.5
10,Black,3.9,5.2,6.0,4.666666666666667,6.1,6.333333333333333,5.05,3.9,4.5625,7.333333333333333,6.0
10,Blue,27.35,337.1,291.3333333333333,134.66666666666666,331.45,276.0,324.85,36.6,55.64705882352941,320.3333333333333,291.3333333333333
10,Green,56.285714285714285,201.9047619047619,216.0,75.66666666666667,198.6,197.0,188.9047619047619,66.3,89.6875,227.0,216.0
10,Red,59.523809523809526,343.0952380952381,351.3333333333333,124.0,339.7142857142857,332.3333333333333,321.95238095238096,74.14285714285714,105.375,350.0,351.3333333333333
10,White,134.8095238095238,835.1428571428571,811.75,320.75,821.0,766.5,794.8095238095239,168.66666666666666,241.4,840.0,811.75
11,Black,3.75,5.1,6.333333333333333,4.0,6.3,6.0,5.05,3.75,,8.0,6.333333333333333
11,Blue,26.8,338.2,291.3333333333333,132.0,333.3,279.0,325.95,36.85,,315.6666666666667,291.3333333333333
11,Green,55.714285714285715,201.0,215.33333333333334,73.33333333333333,196.45,197.66666666666666,189.52380952380952,66.75,,228.66666666666666,215.33333333333334
11,Red,59.19047619047619,344.42857142857144,351.0,123.33333333333333,340.1904761904762,334.3333333333333,323.04761904761904,74.19047619047619,,347.0,351.0
11,White,134.61904761904762,834.3333333333334,810.25,324.75,820.952380952381,770.75,793.8095238095239,168.42857142857142,,846.75,810.25
12,Black,3.85,5.15,6.666666666666667,4.333333333333333,6.05,6.0,4.95,3.95,,7.333333333333333,6.666666666666667
12,Blue,27.25,337.8,290.6666666666667,134.66666666666666,332.7,276.6666666666667,326.8,36.6,,318.0,290.6666666666667
12,Green,55.23809523809524,201.28571428571428,219.66666666666666,74.0,197.65,201.33333333333334,189.28571428571428,67.55,,229.0,219.66666666666666
12,Red,58.666666666666664,343.9047619047619,352.0,125.33333333333333,340.6190476190476,335.6666666666667,322.14285714285717,73.52380952380952,,350.3333333333333,352.0
12,White,135.0952380952381,835.2857142857143,807.25,321.0,821.5714285714286,765.25,794.952380952381,168.61904761904762,,840.75,807.25
13,Black,3.9,5.05,6.0,3.3333333333333335,5.75,6.333333333333333,5.65,4.1,,8.0,6.0
13,Blue,26.55,337.4,290.0,134.66666666666666,331.9,274.6666666666667,325.75,36.15,,321.0,290.0
13,Green,56.476190476190474,201.33333333333334,215.66666666666666,73.66666666666667,198.0,198.66666666666666,189.42857142857142,66.9,,227.66666666666666,215.66666666666666
13,Red,58.333333333333336,343.5238095238095,352.3333333333333,127.33333333333333,340.42857142857144,335.3333333333333,321.23809523809524,73.42857142857143,,346.3333333333333,352.3333333333333
13,White,135.85714285714286,836.1904761904761,810.75,321.5,823.952380952381,766.5,794.1904761904761,168.0952380952381,,837.0,810.75
14,Black,3.9,5.1,6.0,4.333333333333333,5.75,6.333333333333333,5.25,3.85,,7.666666666666667,6.0
14,Blue,27.05,337.15,289.6666666666667,133.66666666666666,331.55,276.0,325.75,35.8,,319.6666666666667,289.6666666666667
14,Green,55.76190476190476,200.9047619047619,215.0,75.66666666666667,198.25,199.33333333333334,189.33333333333334,67.15,,230.0,215.0
14,Red,59.333333333333336,344.42857142857144,351.0,126.0,339.6190476190476,331.6666666666667,320.1904761904762,73.66666666666667,,347.3333333333333,351.0
14,White,135.14285714285714,836.7142857142857,808.75,319.0,821.8095238095239,773.0,792.8571428571429,168.95238095238096,,845.0,808.75
15,Black,3.9166666666666665,5.461538461538462,6.333333333333333,4.333333333333333,6.071428571428571,5.666666666666667,4.833333333333333,3.857142857142857,,7.0,6.333333333333333
15,Blue,26.785714285714285,336.84615384615387,290.6666666666667,134.0,331.3333333333333,275.6666666666667,325.0,35.214285714285715,,321.0,290.6666666666667
15,Green,56.07692307692308,201.41666666666666,218.0,74.66666666666667,197.78571428571428,200.66666666666666,189.5,67.0,,230.0,218.0
15,Red,59.833333333333336,344.85714285714283,349.6666666666667,123.66666666666667,339.06666666666666,333.0,319.6923076923077,73.66666666666667,,349.0,349.6666666666667
15,White,131.85714285714286,835.5,809.0,321.75,820.25,770.5,795.7692307692307,164.64285714285714,,842.5,809.0
16,Black,,,6.333333333333333,4.0,,6.333333333333333,,,,7.0,6.333333333333333
16,Blue,,,287.0,135.66666666666666,,276.6666666666667,,,,322.6666666666667,287.0
16,Green,,,215.33333333333334,74.33333333333333,,197.66666666666666,,,,229.0,215.33333333333334
16,Red,,,350.6666666666667,124.66666666666667,,336.0,,,,348.3333333333333,350.6666666666667
16,White,,,811.3333333333334,322.75,,767.25,,,,840.3333333333334,811.3333333333334
17,Black,,,7.0,4.333333333333333,,6.0,,,,7.666666666666667,7.0
17,Blue,,,289.6666666666667,134.66666666666666,,275.0,,,,317.6666666666667,289.6666666666667
17,Green,,,219.0,75.66666666666667,,201.0,,,,229.33333333333334,219.0
17,Red,,,353.3333333333333,126.33333333333333,,335.6666666666667,,,,352.0,353.3333333333333
17,White,,,808.3333333333334,322.0,,770.0,,,,842.3333333333334,808.3333333333334
18,Black,,,6.666666666666667,4.333333333333333,,6.0,,,,7.666666666666667,6.666666666666667
18,Blue,,,291.0,133.33333333333334,,276.0,,,,317.0,291.0
18,Green,,,217.33333333333334,74.0,,197.66666666666666,,,,226.0,217.33333333333334
18,Red,,,353.6666666666667,122.33333333333333,,336.6666666666667,,,,348.3333333333333,353.6666666666667
18,White,,,810.3333333333334,321.0,,767.0,,,,845.3333333333334,810.3333333333334
19,Black,,,6.333333333333333,4.0,,6.0,,,,7.666666666666667,6.333333333333333
19,Blue,,,288.0,132.33333333333334,,279.6666666666667,,,,319.0,288.0
19,Green,,,220.0,74.66666666666667,,200.0,,,,229.33333333333334,220.0
19,Red,,,350.6666666666667,122.33333333333333,,331.3333333333333,,,,348.6666666666667,350.6666666666667
19,White,,,807.6666666666666,317.3333333333333,,771.0,,,,844.3333333333334,807.6666666666666
20,Black,,,6.666666666666667,5.0,,6.666666666666667,,,,7.666666666666667,6.666666666666667
20,Blue,,,289.3333333333333,135.66666666666666,,276.3333333333333,,,,315.3333333333333,289.3333333333333
20,Green,,,216.33333333333334,74.66666666666667,,199.33333333333334,,,,227.33333333333334,216.33333333333334
20,Red,,,349.3333333333333,121.66666666666667,,334.0,,,,349.3333333333333,349.3333333333333
20,White,,,809.3333333333334,320.3333333333333,,767.3333333333334,,,,843.3333333333334,809.3333333333334
21,Black,,,7.0,4.333333333333333,,6.333333333333333,,,,8.0,7.0
21,Blue,,,289.3333333333333,135.0,,275.3333333333333,,,,322.6666666666667,289.3333333333333
21,Green,,,218.66666666666666,75.33333333333333,,200.0,,,,230.0,218.66666666666666
21,Red,,,350.6666666666667,123.66666666666667,,331.6666666666667,,,,352.0,350.6666666666667
21,White,,,809.6666666666666,318.6666666666667,,772.3333333333334,,,,845.3333333333334,809.6666666666666
22,Black,,,6.666666666666667,4.0,,6.0,,,,6.666666666666667,6.666666666666667
22,Blue,,,289.3333333333333,135.0,,275.0,,,,318.0,289.3333333333333
22,Green,,,214.0,74.66666666666667,,201.0,,,,227.33333333333334,214.0
22,Red,,,348.6666666666667,125.0,,335.6666666666667,,,,349.3333333333333,348.6666666666667
22,White,,,811.0,319.6666666666667,,771.3333333333334,,,,842.0,811.0
23,Black,,,6.0,5.0,,5.666666666666667,,,,7.333333333333333,6.0
23,Blue,,,292.0,135.0,,276.0,,,,315.3333333333333,292.0
23,Green,,,219.66666666666666,74.0,,202.66666666666666,,,,228.0,219.66666666666666
23,Red,,,351.6666666666667,123.66666666666667,,333.6666666666667,,,,351.6666666666667,351.6666666666667
23,White,,,807.6666666666666,318.6666666666667,,771.3333333333334,,,,840.3333333333334,807.6666666666666
24,Black,,,6.666666666666667,4.333333333333333,,6.0,,,,7.666666666666667,6.666666666666667
24,Blue,,,290.3333333333333,134.33333333333334,,275.3333333333333,,,,318.3333333333333,290.3333333333333
24,Green,,,219.0,73.66666666666667,,199.66666666666666,,,,226.33333333333334,219.0
24,Red,,,353.0,123.0,,333.6666666666667,,,,351.0,353.0
24,White,,,811.0,320.6666666666667,,772.3333333333334,,,,846.0,811.0
25,Black,,,7.0,4.333333333333333,,5.666666666666667,,,,7.666666666666667,7.0
25,Blue,,,291.6666666666667,133.66666666666666,,277.3333333333333,,,,317.6666666666667,291.6666666666667
25,Green,,,217.0,72.66666666666667,,199.0,,,,230.66666666666666,217.0
25,Red,,,352.0,123.33333333333333,,332.0,,,,345.0,352.0
25,White,,,807.0,320.3333333333333,,768.0,,,,844.0,807.0
26,Black,,,7.0,4.333333333333333,,6.0,,,,8.0,7.0
26,Blue,,,288.3333333333333,132.0,,279.0,,,,319.6666666666667,288.3333333333333
26,Green,,,217.0,74.0,,200.0,,,,228.66666666666666,217.0
26,Red,,,351.0,126.0,,336.3333333333333,,,,349.6666666666667,351.0
26,White,,,810.0,319.0,,768.6666666666666,,,,842.3333333333334,810.0
27,Black,,,6.666666666666667,4.333333333333333,,5.333333333333333,,,,8.0,6.666666666666667
27,Blue,,,290.0,133.33333333333334,,278.0,,,,319.0,290.0
27,Green,,,217.66666666666666,73.66666666666667,,198.66666666666666,,,,229.0,217.66666666666666
27,Red,,,350.6666666666667,126.0,,333.3333333333333,,,,351.0,350.6666666666667
27,White,,,811.3333333333334,320.3333333333333,,768.3333333333334,,,,846.3333333333334,811.3333333333334
28,Black,,,6.0,3.6666666666666665,,6.333333333333333,,,,7.333333333333333,6.0
28,Blue,,,288.0,135.0,,277.0,,,,316.6666666666667,288.0
28,Green,,,215.0,73.66666666666667,,199.0,,,,226.0,215.0
28,Red,,,351.6666666666667,124.33333333333333,,332.0,,,,346.0,351.6666666666667
28,White,,,813.0,320.6666666666667,,771.6666666666666,,,,845.3333333333334,813.0
29,Black,,,7.333333333333333,4.0,,5.666666666666667,,,,6.666666666666667,7.333333333333333
29,Blue,,,289.3333333333333,135.0,,279.3333333333333,,,,319.0,289.3333333333333
29,Green,,,217.66666666666666,73.33333333333333,,199.66666666666666,,,,228.66666666666666,217.66666666666666
29,Red,,,351.3333333333333,123.0,,335.6666666666667,,,,350.0,351.3333333333333
29,White,,,812.6666666666666,321.6666666666667,,769.3333333333334,,,,840.0,812.6666666666666
30,Green,,,218.0,,,,,,,,218.0
30,White,,,,,,,,,,836.0,
Order,Color,P1000.csv,P1000_NRe.csv,P0.csv,P_soil.csv,P100_NRe.csv,P_emp.csv,P10_NRe.csv,P100.csv,P10.csv,P_urea.csv,P_water.csv
1,Black,0.6407232755171873,0.6958523739384594,1.5275252316519465,0.0,1.2096106376585989,0.0,0.8750939799154206,0.3940344628262064,0.7591546545162482,0.5773502691896258,1.5275252316519465
1,Blue,5.173190965149533,2.038907270363913,2.6457513110645907,2.0816659994661366,3.7570985445798657,1.0,3.2696293659184374,6.320184874044839,3.6974386582577625,4.041451884327376,2.6457513110645907
1,Green,6.788996699842782,2.151411496801908,1.1547005383792495,3.5118845842842448,2.036570413125726,3.21455025366432,3.17205056105743,5.635770112584862,3.561120462350072,4.04145188432738,1.1547005383792495
1,Red,9.135488101746011,2.8132340311971267,2.309401076758499,1.1547005383792495,2.762848771346946,6.658328118479401,3.6942684049239136,9.603818684946802,4.466275746930435,2.081665999466135,2.309401076758499
1,White,20.667895508781353,4.640402281411965,6.60807586719967,8.34665601703261,4.2347766568418646,4.031128874149269,4.552864090720438,23.19154197218502,9.291573243177574,2.6299556396765835,6.60807586719967
2,Black,0.5525062514530824,0.44721359549995804,0.5773502691896258,0.0,1.0699237552766379,1.0,0.6863327411532597,0.4588314677411239,0.5871429486124,1.0,0.5773502691896258
2,Blue,5.255573482654291,2.854359546562526,3.4641016151377544,3.0,3.3229663349420053,2.0,2.1055482263138376,6.118135250823443,3.4530688105692726,1.5275252316519452,3.4641016151377544
2,Green,5.763183643984085,3.087609647175843,2.5166114784235836,1.0,2.9984122782693094,3.055050463303897,2.833473385894322,6.437982529303655,2.3725402775129147,1.0,2.5166114784235836
2,Red,8.690717543941435,2.959247008470719,4.041451884327373,2.6457513110645907,3.3813212407775324,1.7320508075688772,2.9423023055326603,10.367761387612862,4.041451884327374,1.5275252316519452,4.041451884327373
2,White,20.394326942279122,2.8718668227512025,5.196152422706632,4.898979485566356,4.357806350731562,4.830458915396485,3.9448580154303445,23.963762324850087,7.439598043417334,2.872281323269006,5.196152422706632
3,Black,0.5871429486123997,0.8506963092234007,1.7320508075688772,0.5773502691896257,0.9514531821875089,1.1547005383792517,0.8335087534664907,0.447213595499958,0.7451598203705945,1.0,1.7320508075688772
3,Blue,4.871776937249466,3.133435981894566,1.5275252316519405,2.5166114784235867,3.9586680375574517,2.5166114784235907,3.0705978943149437,5.825533632660886,4.031455268131766,1.5275252316519545,1.5275252316519405
3,Green,6.9316389871096895,2.600366274566865,3.0550504633038904,0.5773502691896247,2.400396792595915,1.1547005383792495,2.700088181981506,5.29734884276132,3.105173950547365,1.7320508075688772,3.0550504633038904
3,Red,8.441394603804682,3.5301423146814837,2.5166114784235907,0.5773502691896247,3.209361307176253,2.309401076758499,3.370742464488316,9.40516575383671,4.42611298889625,5.507570547286106,2.5166114784235907
3,White,19.410355606271217,3.528118343766119,7.847504911329025,7.615773105863901,3.3000721492834457,2.449489742783178,2.9912571015576392,22.26731535981231,8.169921605965312,4.9328828623162355,7.847504911329025
4,Black,0.4442616583193193,0.6863327411532597,0.5773502691896257,0.5773502691896258,1.0894228312566052,0.5773502691896257,0.6708203932499369,0.4893604849295928,0.882579950158088,0.0,0.5773502691896257
4,Blue,4.684801855047088,2.2070461326349684,0.577350269189634,4.58257569495584,3.3576307436236066,2.0,3.053901732124603,6.276732304396344,3.4958622157600776,3.2145502536643265,0.577350269189634
4,Green,6.645442405280839,2.1657507221460643,3.0550504633038904,2.309401076758502,2.869378562220986,3.605551275463989,2.4289915602982246,4.928536921894391,2.0124611797498106,1.5275252316519499,3.0550504633038904
4,Red,8.52726718909909,4.28341208006176,2.0,1.5275252316519452,3.0876096471758387,2.6457513110645907,3.822863549001678,10.452841946662398,3.5543400700176835,4.041451884327373,2.0
4,White,20.123665291439952,3.470968027455597,3.8622100754188224,4.32049379893858,4.620348368642675,2.217355782608356,3.150963571444688,23.03578995927032,8.751598493445421,4.924428900898042,3.8622100754188224
5,Black,0.6569466853317862,0.7451598203705947,0.5773502691896258,1.1547005383792515,0.8870412083230169,0.5773502691896257,0.7591546545162482,0.41039134083406165,0.6386663736585049,1.0,0.5773502691896258
5,Blue,4.987088592714082,3.6404164018622045,2.309401076758499,1.5275252316519474,3.4070360633316006,2.6457513110645907,2.7236778540480096,6.492708460873224,3.8851945694012873,2.081665999466135,2.309401076758499
5,Green,6.674400276250967,3.433726283569528,4.163331998932262,1.0,3.192252526113224,4.0,2.8859264419890223,6.289446943662281,2.716421795012891,2.5166114784235796,4.163331998932262
5,Red,8.741526509385295,2.7316487259354583,2.0816659994661246,4.58257569495584,2.6195237662416417,3.4641016151377544,2.9984122782693197,9.952984716249944,4.8181205582971565,2.6457513110645907,2.0816659994661246
5,White,19.841874911408947,4.610546915187271,5.715476066494074,4.0,3.7934781125605768,5.795112883571239,3.3897604916094357,23.094320060300937,8.506580086139486,6.999999999999998,5.715476066494074
6,Black,0.5104177855340404,0.5712405705774793,0.5773502691896257,0.5773502691896257,0.9880869341680844,1.1547005383792517,0.7163503994113789,0.6155870112510924,0.6805570473787209,0.5773502691896258,0.5773502691896257
6,Blue,5.036707362219049,3.6778139960408107,2.5166114784235765,4.725815626252607,3.4561158606310145,3.605551275463989,2.6237779110122483,6.188911986686143,3.3603727863375368,1.1547005383792557,2.5166114784235765
6,Green,6.87680712180269,2.6894857005259016,4.358898943540674,2.0,3.3785034725875014,3.0,2.4152294576982403,6.020599558816294,2.416500296753651,0.5773502691896278,4.358898943540674
6,Red,7.771130946681845,3.1765509897491366,0.577350269189634,2.516611478423585,3.572380825430672,1.5275252316519545,3.902990306589719,9.215669884960693,4.214487485081043,2.886751345948133,0.577350269189634
6,White,19.94217832109813,4.867286327151558,4.031128874149269,2.629955639676575,4.652700188881642,5.802298395176405,4.621378891320514,22.587923448477653,8.767092149732699,3.872983346207417,4.031128874149269
7,Black,0.5712405705774795,0.7863975156570492,0.5773502691896258,0.0,1.1459310165698642,0.0,0.6155870112510925,0.5231483637805969,0.8255779474818968,0.5773502691896257,0.5773502691896258
7,Blue,5.0312183310543,3.2163234977385673,2.6457513110645907,1.5275252316519499,2.417044737516848,2.3094010767585114,2.924938145994671,5.86582430156599,3.881128430590366,2.0,2.6457513110645907
7,Green,6.205987891890032,2.798809270624443,2.6457513110645907,1.7320508075688772,2.1756225162774334,4.163331998932268,2.5994504913813676,5.7283754864957865,3.1472628040719437,3.0550504633038926,2.6457513110645907
7,Red,8.409178658720817,3.6259645678934977,2.886751345948133,5.5075705472861,2.9423023055326634,3.4641016151377544,2.9260732666672524,9.148770409186145,4.455066671512235,2.0816659994661384,2.886751345948133
7,White,19.351018184113858,3.61214881305007,2.160246899469287,6.137317546507315,4.139243087006767,0.9574271077563381,4.581536444302951,22.643931174767772,7.086203900134797,4.546060565661967,2.160246899469287
8,Black,0.7591546545162483,0.6155870112510924,1.1547005383792515,1.0,0.7591546545162481,0.5773502691896257,0.8750939799154206,0.5525062514530825,0.6805570473787209,1.0,1.1547005383792515
8,Blue,5.707566538330822,3.3086807674740464,2.5166114784235765,1.1547005383792495,2.0072237962970187,4.358898943540674,2.403396719119354,6.652265146470591,3.2589956476772066,2.0816659994661246,2.5166114784235765
8,Green,6.351977569829652,2.406340830072947,1.7320508075688772,1.5275252316519452,2.5420276870846186,2.08166599946613,2.803908836232875,5.575085555161314,2.8557421378504637,3.4641016151377544,1.7320508075688772
8,Red,7.94115260915597,3.4441116070628093,3.5118845842842537,2.6457513110645907,2.6520432374554788,2.309401076758499,2.635833653252615,9.52665433702424,4.316082880178678,1.5275252316519405,3.5118845842842537
8,White,19.249984539264045,4.632699511289792,2.8722813232690143,5.737304826019507,3.5200108224941866,4.573474244670748,3.3259441910387886,21.8818254657669,7.453985830540938,5.852349955359813,2.8722813232690143
9,Black,0.6048053188292992,0.7863975156570493,1.0,0.0,1.1641577031891932,0.5773502691896257,1.050062654772261,0.47016234598162726,0.6863327411532597,1.1547005383792517,1.0
9,Blue,5.467607963461288,3.0192365713345866,2.886751345948133,2.309401076758505,3.133435981894569,1.5275252316519452,4.03765174067148,6.156725035105489,3.2682684937698188,1.1547005383792432,2.886751345948133
9,Green,6.510796893658731,2.964873722517739,2.886751345948127,3.605551275463989,2.7548999408709065,2.6457513110645907,2.635833653252618,5.668704483946569,2.258900524358557,2.0816659994661317,2.886751345948127
9,Red,8.280211637506898,4.238148742305379,2.0,0.5773502691896247,3.6101708177499567,1.0,3.492849839314615,8.823129776197275,3.722518348798682,2.309401076758499,2.0
9,White,18.8104580840907,4.314427623020878,4.123105625617649,4.242640687119277,4.295069155161423,4.654746681256314,4.426112988896261,21.4393940923623,8.174874398336115,3.3040379335998336,4.123105625617649
10,Black,0.6407232755171873,0.6155870112510925,0.0,0.5773502691896258,1.2096106376585989,0.5773502691896257,0.8255779474818965,0.5525062514530825,0.629152869605896,0.5773502691896257,0.0
10,Blue,4.5799908067018755,2.26878126337745,3.2145502536643153,2.5166114784235867,2.7810448623342494,1.0,3.013565819319092,5.641948151779523,3.690209622612723,5.686240703077333,3.2145502536643153
10,Green,6.246141666203689,2.5671922776598173,3.4641016151377544,2.081665999466131,2.521486612465376,1.7320508075688772,2.256208365926379,4.791439735282288,3.156342820417332,5.5677643628300215,3.4641016151377544
10,Red,8.164674198148075,3.207877209382584,4.163331998932273,4.58257569495584,2.795404391905695,1.5275252316519452,3.1060616619151413,9.188502131934861,3.4616951531487157,0.0,4.163331998932273
10,White,19.035805860585576,3.3058389901160434,6.130524719249855,5.560275772537426,3.633180424916972,4.43471156521669,3.868062145558784,22.394939904660017,6.668070027731927,4.96655480858378,6.130524719249855
11,Black,0.44426165831931935,0.7880689256524124,1.5275252316519465,0.0,0.9787209698591858,1.0,0.6863327411532597,0.5501196042201808,,1.0,1.5275252316519465
11,Blue,5.146281232726768,2.6675437154213912,1.5275252316519405,3.605551275463989,2.494203807145474,1.0,2.211810403980842,5.556172480366226,,2.5166114784235822,1.5275252316519405
11,Green,6.619236037057876,2.1213203435596424,2.5166114784235796,4.041451884327382,2.6847522673129682,3.0550504633038904,2.8039088362328672,5.7571465885545585,,0.5773502691896278,2.5166114784235796
11,Red,8.535918507220225,3.139608710833703,2.6457513110645907,1.1547005383792495,2.8393493553813913,4.725815626252614,2.8191521859628517,9.683073105264912,,1.0,2.6457513110645907
11,White,18.754935858264616,4.531372124791053,2.8722813232690143,2.6299556396765835,4.87315288572185,2.217355782608345,4.915476046315854,22.920670645885185,,5.439056290693581,2.8722813232690143
12,Black,0.5871429486123998,0.7451598203705945,0.5773502691896257,0.5773502691896257,1.0990426455975697,1.0,0.8870412083230169,0.39403446282620624,,1.5275252316519465,0.5773502691896257
12,Blue,4.59834066181544,2.525657809051151,3.055050463303895,2.0816659994661366,2.4942038071454613,2.886751345948133,4.652107615173782,6.730918448317046,,4.58257569495584,3.055050463303895
12,Green,6.073753056428636,2.866057521105559,1.1547005383792557,2.0,2.455391489848628,1.5275252316519499,2.8132340311971333,4.946822478276229,,4.358898943540674,1.1547005383792557
12,Red,7.995832247698385,3.8846462117516243,5.5677643628300215,1.1547005383792526,3.4565328072533994,4.509249752822887,2.6699384690609294,9.683073105264922,,3.5118845842842457,5.5677643628300215
12,White,19.75577070606146,5.149202434774326,4.112987559751007,7.164728420068234,3.98210281850467,2.6299556396765835,4.674143669980524,21.81393176498953,,2.872281323269026,4.112987559751007
13,Black,0.5525062514530825,0.6048053188292994,1.0,0.5773502691896257,0.9665456669582608,1.1547005383792515,0.812727700887249,0.5525062514530825,,1.0,1.0
13,Blue,4.322219215561424,3.393492223902129,0.0,5.686240703077331,3.2101811721295013,1.1547005383792432,3.625567106275283,5.659412281184421,,2.6457513110645907,0.0
13,Green,6.592564354020732,2.536401650632908,0.5773502691896278,1.1547005383792526,2.9912152080805927,0.5773502691896216,2.656528346760645,5.505021631010612,,1.1547005383792495,0.5773502691896278
13,Red,7.4520690639132665,3.4873922581070302,1.1547005383792432,2.88675134594813,2.1580414400893333,2.309401076758499,3.269629365918435,9.238892945431443,,1.5275252316519452,1.1547005383792432
13,White,18.757093896138898,5.12463703708901,8.421203397773176,6.137317546507315,3.680709041423816,3.5118845842842625,4.2381487423053805,22.752812489678657,,4.760952285695217,8.421203397773176
14,Black,0.6407232755171873,0.5525062514530825,1.0,0.5773502691896257,1.118033988749895,0.5773502691896258,0.638666373658505,0.48936048492959305,,1.1547005383792515,1.0
14,Blue,4.3222192155614225,2.924938145994681,0.5773502691896216,5.131601439446887,3.3946552417773264,2.0,3.290736599672039,6.118135250823442,,3.214550253664313,0.5773502691896216
14,Green,6.441310129971717,1.9469145308606106,1.0,2.886751345948127,2.1490511982341376,4.04145188432738,2.5755258362775812,5.714938872445562,,2.6457513110645907,1.0
14,Red,7.907802054511307,3.70906226115751,5.291502622129181,4.0,2.6921402355039246,5.507570547286106,3.655393927048736,9.635005621863089,,1.1547005383792557,5.291502622129181
14,White,18.733087610657527,3.756898416817484,6.55108133567786,6.78232998312526,4.996189023836535,1.4142135623731085,3.525417908358043,21.675968699175108,,1.4142135623731018,6.55108133567786
15,Black,0.5149286505444371,0.6602252917735247,0.5773502691896258,0.5773502691896257,0.7300459115473715,0.5773502691896257,0.38924947208076144,0.36313651960128157,,0.0,0.5773502691896258
15,Blue,4.870295701472368,2.8238907511373363,2.5166114784235765,3.605551275463989,2.1461734799546455,1.5275252316519452,2.6628760937957887,5.351902198551198,,3.605551275463989,2.5166114784235765
15,Green,7.942098153317109,2.778434265858556,3.605551275463989,0.5773502691896247,2.636389472469775,3.2145502536643145,2.907670107585359,6.139406135149199,,0.0,3.605551275463989
15,Red,9.320879136582978,3.919520042382395,3.7859388972001744,0.5773502691896247,3.390462814312831,3.605551275463989,3.425021055522039,10.417476159022854,,2.6457513110645907,3.7859388972001744
15,White,19.246806499769274,3.777926319123662,3.559026084010437,5.852349955359816,3.5451631581891636,5.196152422706625,2.278663575938253,16.222525378939302,,1.914854215512681,3.559026084010437
16,Black,,,0.5773502691896257,0.0,,1.1547005383792515,,,,1.0,0.5773502691896257
16,Blue,,,3.605551275463989,2.886751345948133,,2.0816659994661246,,,,2.5166114784235822,3.605551275463989
16,Green,,,1.1547005383792557,2.309401076758502,,3.785938897200181,,,,1.0,1.1547005383792557
16,Red,,,5.686240703077329,4.932882862316246,,1.7320508075688772,,,,3.214550253664313,5.686240703077329
16,White,,,2.0816659994661215,6.499999999999993,,4.112987559751034,,,,3.785938897200199,2.0816659994661215
17,Black,,,1.0,0.5773502691896257,,0.0,,,,0.5773502691896257,1.0
17,Blue,,,0.5773502691896216,2.0816659994661366,,1.7320508075688772,,,,1.5275252316519452,0.5773502691896216
17,Green,,,1.0,2.516611478423582,,2.6457513110645907,,,,3.5118845842842497,1.0
17,Red,,,5.686240703077333,4.618802153517007,,3.2145502536643153,,,,3.605551275463989,5.686240703077333
17,White,,,5.507570547286092,6.000000000000008,,4.96655480858378,,,,0.577350269189634,5.507570547286092
18,Black,,,0.5773502691896257,0.5773502691896257,,0.0,,,,0.5773502691896257,0.5773502691896257
18,Blue,,,2.6457513110645907,3.2145502536643145,,2.0,,,,2.0,2.6457513110645907
18,Green,,,3.5118845842842425,1.0,,0.5773502691896278,,,,1.0,3.5118845842842425
18,Red,,,2.8867513459481207,3.5118845842842483,,1.5275252316519545,,,,0.5773502691896216,2.8867513459481207
18,White,,,1.5275252316519499,6.082762530298219,,4.0,,,,2.081665999466128,1.5275252316519499
19,Black,,,1.1547005383792517,0.0,,0.0,,,,1.5275252316519468,1.1547005383792517
19,Blue,,,2.0,0.5773502691896278,,2.0816659994661246,,,,2.6457513110645907,2.0
19,Green,,,2.6457513110645907,5.0332229568471645,,3.605551275463989,,,,2.5166114784235796,2.6457513110645907
19,Red,,,3.7859388972001855,1.5275252316519485,,0.5773502691896216,,,,2.5166114784235907,3.7859388972001855
19,White,,,1.527525231651959,6.658328118479401,,2.6457513110645907,,,,5.507570547286118,1.527525231651959
20,Black,,,0.5773502691896258,1.0,,1.5275252316519465,,,,0.5773502691896257,0.5773502691896258
20,Blue,,,2.5166114784235822,1.1547005383792495,,0.5773502691896216,,,,3.7859388972001855,2.5166114784235822
20,Green,,,2.5166114784235796,2.516611478423582,,1.1547005383792495,,,,0.5773502691896216,2.5166114784235796
20,Red,,,3.2145502536643153,2.081665999466131,,1.7320508075688772,,,,1.1547005383792557,3.2145502536643153
20,White,,,2.0816659994661215,8.386497083606091,,4.041451884327378,,,,3.055050463303881,2.0816659994661215
21,Black,,,1.7320508075688772,0.5773502691896257,,1.1547005383792515,,,,1.0,1.7320508075688772
21,Blue,,,3.5118845842842537,1.7320508075688772,,1.5275252316519452,,,,1.1547005383792557,3.5118845842842537
21,Green,,,3.5118845842842465,0.5773502691896247,,3.605551275463989,,,,1.7320508075688772,3.5118845842842465
21,Red,,,3.5118845842842537,4.618802153517004,,2.081665999466135,,,,1.7320508075688772,3.5118845842842537
21,White,,,4.509249752822895,4.041451884327373,,1.154700538379268,,,,4.163331998932277,4.509249752822895
22,Black,,,1.1547005383792517,0.0,,1.0,,,,0.5773502691896257,1.1547005383792517
22,Blue,,,1.5275252316519452,4.58257569495584,,4.358898943540674,,,,1.7320508075688772,1.5275252316519452
22,Green,,,2.0,4.725815626252606,,2.6457513110645907,,,,1.1547005383792495,2.0
22,Red,,,5.686240703077319,2.0,,5.131601439446892,,,,1.5275252316519545,5.686240703077319
22,White,,,4.358898943540674,5.507570547286095,,1.5275252316519312,,,,2.0,4.358898943540674
23,Black,,,1.0,1.0,,0.5773502691896257,,,,0.5773502691896258,1.0
23,Blue,,,1.0,4.58257569495584,,5.5677643628300215,,,,2.5166114784235822,1.0
23,Green,,,2.08166599946613,1.7320508075688772,,2.0816659994661366,,,,2.6457513110645907,2.08166599946613
23,Red,,,2.5166114784235907,4.618802153517004,,1.1547005383792557,,,,1.5275252316519545,2.5166114784235907
23,White,,,6.027713773341723,4.725815626252601,,1.154700538379268,,,,2.8867513459481207,6.027713773341723
24,Black,,,0.5773502691896257,0.5773502691896257,,0.0,,,,0.5773502691896258,0.5773502691896257
24,Blue,,,3.0550504633038855,1.5275252316519428,,0.5773502691896216,,,,1.5275252316519452,3.0550504633038855
24,Green,,,1.0,4.725815626252606,,1.5275252316519499,,,,4.509249752822894,1.0
24,Red,,,1.0,2.6457513110645907,,6.0277137733417145,,,,2.6457513110645907,1.0
24,White,,,3.605551275463989,9.073771725877458,,3.5118845842842474,,,,2.6457513110645907,3.605551275463989
25,Black,,,1.0,0.5773502691896257,,0.5773502691896258,,,,1.5275252316519465,1.0
25,Blue,,,2.309401076758499,1.5275252316519428,,1.5275252316519405,,,,1.1547005383792557,2.309401076758499
25,Green,,,1.0,2.081665999466131,,2.0,,,,0.5773502691896216,1.0
25,Red,,,2.0,2.516611478423585,,3.0,,,,2.6457513110645907,2.0
25,White,,,1.7320508075688772,6.110100926607794,,4.358898943540674,,,,2.6457513110645907,1.7320508075688772
26,Black,,,1.0,0.5773502691896257,,0.0,,,,0.0,1.0
26,Blue,,,1.1547005383792557,2.0,,2.6457513110645907,,,,0.5773502691896216,1.1547005383792557
26,Green,,,1.0,3.4641016151377544,,4.358898943540674,,,,3.5118845842842425,1.0
26,Red,,,5.291502622129181,2.0,,1.1547005383792432,,,,1.1547005383792557,5.291502622129181
26,White,,,3.605551275463989,5.196152422706632,,1.5275252316519499,,,,1.5275252316519312,3.605551275463989
27,Black,,,0.5773502691896258,0.5773502691896257,,0.5773502691896257,,,,1.0,0.5773502691896258
27,Blue,,,5.291502622129181,4.9328828623162435,,3.0,,,,1.0,5.291502622129181
27,Green,,,0.5773502691896216,3.2145502536643176,,1.5275252316519428,,,,4.0,0.5773502691896216
27,Red,,,1.5275252316519545,2.6457513110645907,,0.5773502691896216,,,,2.6457513110645907,1.5275252316519545
27,White,,,4.932882862316231,2.081665999466135,,6.3508529610858755,,,,5.507570547286118,4.932882862316231
28,Black,,,0.0,0.5773502691896257,,0.5773502691896257,,,,1.1547005383792517,0.0
28,Blue,,,1.7320508075688772,2.6457513110645907,,2.6457513110645907,,,,1.1547005383792557,1.7320508075688772
28,Green,,,2.0,2.0816659994661335,,3.0,,,,1.7320508075688772,2.0
28,Red,,,1.1547005383792432,3.2145502536643202,,4.358898943540674,,,,5.196152422706632,1.1547005383792432
28,White,,,7.0,2.5166114784235822,,5.131601439446868,,,,4.0414518843273886,7.0
29,Black,,,0.5773502691896257,0.0,,0.5773502691896257,,,,1.1547005383792517,0.5773502691896257
29,Blue,,,4.509249752822893,2.6457513110645907,,3.5118845842842394,,,,2.6457513110645907,4.509249752822893
29,Green,,,2.5166114784235836,1.5275252316519485,,1.1547005383792495,,,,3.21455025366432,2.5166114784235836
29,Red,,,3.0550504633038997,1.7320508075688772,,4.041451884327376,,,,3.0,3.0550504633038997
29,White,,,4.725815626252625,2.0816659994661246,,2.3094010767584865,,,,2.0,4.725815626252625
30,Green,,,,,,,,,,,
30,White,,,,,,,,,,,
