Order,Color,Soil_2.csv,Soil_3.csv,Soil_1.csv,Soil_0.csv,Empty_0.csv,Empty_1.csv,Urea_5.csv,Urea_4.csv,Urea_3.csv,Urea_2.csv,Urea_1.csv,Water_1.csv,Water_0.csv
1,Black,4.333333333333333,4.0,4.666666666666667,4.833333333333333,7.0,5.0,8.0,7.0,8.333333333333334,7.0,5.333333333333333,6.333333333333333,5.333333333333333
1,Blue,123.33333333333333,133.66666666666666,153.0,148.0,277.5,277.0,312.0,315.0,321.3333333333333,324.0,286.3333333333333,291.0,290.6666666666667
1,Green,66.33333333333333,74.66666666666667,92.16666666666667,84.83333333333333,202.0,199.66666666666666,225.5,229.0,229.66666666666666,224.66666666666666,215.0,216.66666666666666,219.0
1,Red,107.33333333333333,124.66666666666667,156.0,149.42857142857142,330.5,331.3333333333333,338.0,350.0,350.6666666666667,348.6666666666667,351.3333333333333,353.3333333333333,357.3333333333333
1,White,289.5,321.5,387.85714285714283,368.85714285714283,769.5,767.75,820.0,845.0,843.75,846.5,810.0,810.5,814.25
2,Black,4.333333333333333,5.0,4.5,4.5,5.0,6.0,9.0,7.0,7.0,6.666666666666667,6.333333333333333,7.333333333333333,6.333333333333333
2,Blue,123.0,133.0,154.16666666666666,148.16666666666666,272.0,277.0,313.0,316.0,317.6666666666667,322.3333333333333,291.0,289.0,288.0
2,Green,68.0,73.0,91.66666666666667,86.66666666666667,201.5,199.33333333333334,226.5,226.5,228.0,224.33333333333334,216.33333333333334,217.66666666666666,218.0
2,Red,111.66666666666667,123.0,155.85714285714286,146.57142857142858,330.5,332.0,340.5,353.5,351.3333333333333,350.6666666666667,353.0,349.3333333333333,355.3333333333333
2,White,289.0,324.0,388.2857142857143,368.7142857142857,763.0,769.0,827.0,843.5,841.25,843.5,806.25,807.5,815.0
3,Black,4.333333333333333,3.6666666666666665,4.666666666666667,4.833333333333333,7.0,5.666666666666667,8.0,7.0,7.0,6.666666666666667,5.333333333333333,7.0,6.0
3,Blue,124.66666666666667,135.66666666666666,154.66666666666666,147.33333333333334,278.5,276.3333333333333,314.5,314.5,315.6666666666667,323.3333333333333,286.0,287.6666666666667,290.3333333333333
3,Green,67.0,72.66666666666667,92.33333333333333,84.83333333333333,199.5,198.66666666666666,223.0,224.0,228.0,225.66666666666666,218.33333333333334,217.66666666666666,220.0
3,Red,109.66666666666667,122.33333333333333,156.0,146.14285714285714,337.0,334.3333333333333,337.0,348.0,349.6666666666667,354.3333333333333,349.0,355.3333333333333,355.0
3,White,289.5,321.0,387.85714285714283,367.42857142857144,765.0,769.0,828.0,843.5,842.5,847.0,811.5,812.75,814.5
4,Black,4.333333333333333,3.6666666666666665,4.833333333333333,5.166666666666667,6.0,5.333333333333333,8.0,6.0,7.0,7.333333333333333,5.666666666666667,5.666666666666667,6.333333333333333
4,Blue,123.0,134.0,152.33333333333334,148.33333333333334,279.0,275.0,312.5,314.5,317.3333333333333,320.3333333333333,288.3333333333333,288.6666666666667,290.6666666666667
4,Green,65.33333333333333,74.33333333333333,92.5,86.5,200.0,199.0,227.0,227.5,230.66666666666666,225.66666666666666,216.0,216.66666666666666,217.33333333333334
4,Red,110.33333333333333,123.66666666666667,156.66666666666666,147.33333333333334,333.0,335.0,338.5,355.0,347.6666666666667,349.6666666666667,350.3333333333333,350.0,355.3333333333333
4,White,290.5,319.0,388.2857142857143,368.42857142857144,768.0,768.25,824.5,849.5,841.25,843.0,811.0,811.25,815.25
5,Black,5.0,4.666666666666667,5.0,4.833333333333333,6.0,5.333333333333333,7.0,6.0,8.0,7.666666666666667,5.666666666666667,7.333333333333333,5.666666666666667
5,Blue,121.0,134.66666666666666,153.66666666666666,146.66666666666666,274.5,275.0,313.5,315.5,320.3333333333333,320.0,287.6666666666667,292.6666666666667,289.0
5,Green,64.33333333333333,74.0,91.83333333333333,87.0,200.5,201.0,224.5,224.5,231.66666666666666,225.0,215.0,217.33333333333334,218.33333333333334
5,Red,109.0,125.0,156.16666666666666,148.16666666666666,334.0,333.0,344.5,352.0,352.0,350.6666666666667,351.3333333333333,349.6666666666667,353.3333333333333
5,White,288.5,319.0,386.14285714285717,368.7142857142857,762.5,765.75,827.0,843.5,841.5,847.25,809.25,807.0,815.75
6,Black,4.666666666666667,4.333333333333333,4.333333333333333,4.833333333333333,6.0,6.666666666666667,8.0,7.0,7.333333333333333,7.333333333333333,5.666666666666667,6.333333333333333,6.0
6,Blue,121.66666666666667,135.33333333333334,153.66666666666666,149.16666666666666,279.0,279.0,312.0,320.0,321.6666666666667,321.3333333333333,284.3333333333333,287.6666666666667,287.6666666666667
6,Green,66.33333333333333,75.0,92.5,85.5,197.5,201.0,227.0,227.0,225.33333333333334,226.0,216.0,216.0,216.0
6,Red,107.66666666666667,127.33333333333333,154.83333333333334,147.33333333333334,336.0,334.3333333333333,344.5,351.5,348.6666666666667,355.6666666666667,352.0,348.6666666666667,358.3333333333333
6,White,287.75,324.25,386.0,367.7142857142857,764.0,767.5,820.5,847.0,841.5,844.5,806.25,809.75,812.5
7,Black,5.333333333333333,4.0,4.666666666666667,5.166666666666667,7.0,5.0,7.0,9.0,7.333333333333333,6.666666666666667,5.666666666666667,6.666666666666667,7.0
7,Blue,123.66666666666667,134.66666666666666,152.5,147.83333333333334,275.5,279.6666666666667,312.5,318.5,319.0,321.3333333333333,284.3333333333333,289.0,289.6666666666667
7,Green,67.0,74.0,90.33333333333333,86.0,200.5,195.33333333333334,227.5,226.0,225.33333333333334,226.0,216.0,217.0,216.0
7,Red,111.0,124.66666666666667,155.5,147.16666666666666,335.0,336.0,337.5,350.5,348.6666666666667,353.3333333333333,349.0,349.3333333333333,355.0
7,White,289.25,320.5,387.14285714285717,368.7142857142857,766.5,770.25,832.5,840.0,842.0,846.75,808.75,812.0,814.0
8,Black,4.666666666666667,5.0,4.5,4.833333333333333,6.0,6.333333333333333,6.0,6.0,8.0,8.0,5.666666666666667,7.333333333333333,5.666666666666667
8,Blue,124.33333333333333,137.33333333333334,153.83333333333334,150.0,276.5,278.0,313.5,319.0,318.6666666666667,320.6666666666667,288.3333333333333,290.3333333333333,289.6666666666667
8,Green,66.33333333333333,72.66666666666667,90.5,86.83333333333333,204.5,199.33333333333334,229.0,226.0,229.0,226.33333333333334,214.0,218.0,215.0
8,Red,109.33333333333333,122.0,156.0,148.5,331.5,334.6666666666667,343.0,352.0,355.3333333333333,347.6666666666667,352.3333333333333,352.6666666666667,353.6666666666667
8,White,288.25,321.25,389.14285714285717,368.42857142857144,767.0,768.75,823.0,846.0,839.75,843.0,811.25,810.25,816.0
9,Black,4.333333333333333,4.0,5.166666666666667,5.0,7.0,5.666666666666667,9.0,6.0,7.333333333333333,6.0,5.666666666666667,7.0,6.0
9,Blue,123.0,132.66666666666666,153.16666666666666,146.16666666666666,275.0,274.6666666666667,310.5,323.0,317.3333333333333,321.3333333333333,283.3333333333333,290.6666666666667,288.0
9,Green,65.33333333333333,73.0,90.0,87.5,197.5,200.0,224.0,230.0,228.66666666666666,225.66666666666666,218.33333333333334,218.33333333333334,219.33333333333334
9,Red,109.66666666666667,123.33333333333333,156.33333333333334,145.16666666666666,334.0,330.0,340.5,348.0,349.3333333333333,354.3333333333333,350.6666666666667,352.0,356.0
9,White,290.25,323.0,388.2857142857143,368.7142857142857,765.0,766.5,825.0,847.0,841.25,844.5,808.75,806.5,813.75
10,Black,4.0,4.666666666666667,3.8333333333333335,4.666666666666667,6.0,6.333333333333333,8.0,8.0,7.333333333333333,6.666666666666667,5.666666666666667,6.0,6.666666666666667
10,Blue,121.33333333333333,134.66666666666666,153.16666666666666,148.16666666666666,275.0,276.0,310.0,314.5,320.3333333333333,321.0,285.3333333333333,291.3333333333333,288.3333333333333
10,Green,67.66666666666667,75.66666666666667,93.66666666666667,86.83333333333333,200.0,197.0,225.5,230.0,227.0,227.33333333333334,217.0,216.0,215.66666666666666
10,Red,111.66666666666667,124.0,155.66666666666666,146.5,335.5,332.3333333333333,342.5,349.0,350.0,349.0,351.3333333333333,351.3333333333333,351.3333333333333
10,White,289.75,320.75,386.85714285714283,369.2857142857143,772.0,766.5,825.5,845.5,840.0,843.5,808.75,811.75,818.0
11,Black,5.0,4.0,5.166666666666667,4.666666666666667,8.0,6.0,9.0,7.0,8.0,7.666666666666667,6.0,6.333333333333333,7.0
11,Blue,123.0,132.0,154.66666666666666,146.83333333333334,282.5,279.0,315.0,316.0,315.6666666666667,321.6666666666667,288.3333333333333,291.3333333333333,288.6666666666667
11,Green,64.66666666666667,73.33333333333333,92.0,87.33333333333333,198.0,197.66666666666666,224.5,226.0,228.66666666666666,223.66666666666666,213.33333333333334,215.33333333333334,216.33333333333334
11,Red,110.0,123.33333333333333,155.16666666666666,149.0,332.0,334.3333333333333,341.0,347.5,347.0,352.6666666666667,350.6666666666667,351.0,354.3333333333333
11,White,288.5,324.75,387.2857142857143,368.2857142857143,769.0,770.75,824.0,842.0,846.75,844.0,811.0,810.25,815.25
12,Black,4.333333333333333,4.333333333333333,4.5,5.0,5.0,6.0,7.0,6.0,7.333333333333333,6.666666666666667,6.0,6.666666666666667,6.0
12,Blue,122.66666666666667,134.66666666666666,155.33333333333334,147.16666666666666,278.0,276.6666666666667,314.5,319.0,318.0,323.0,289.3333333333333,290.6666666666667,290.6666666666667
12,Green,65.66666666666667,74.0,91.0,86.5,198.5,201.33333333333334,224.5,224.5,229.0,225.33333333333334,215.33333333333334,219.66666666666666,217.33333333333334
12,Red,108.0,125.33333333333333,157.0,147.0,336.0,335.6666666666667,342.0,345.5,350.3333333333333,352.3333333333333,350.6666666666667,352.0,353.0
12,White,287.75,321.0,387.57142857142856,369.57142857142856,770.5,765.25,825.5,841.0,840.75,848.0,805.75,807.25,816.0
13,Black,4.333333333333333,3.3333333333333335,4.5,5.0,7.0,6.333333333333333,6.0,7.0,8.0,6.333333333333333,5.666666666666667,6.0,6.0
13,Blue,124.33333333333333,134.66666666666666,152.5,146.66666666666666,278.5,274.6666666666667,313.0,313.5,321.0,319.6666666666667,285.6666666666667,290.0,291.3333333333333
13,Green,67.33333333333333,73.66666666666667,90.66666666666667,85.16666666666667,198.5,198.66666666666666,225.5,227.5,227.66666666666666,226.33333333333334,216.66666666666666,215.66666666666666,217.66666666666666
13,Red,108.0,127.33333333333333,156.83333333333334,147.83333333333334,331.5,335.3333333333333,342.5,353.0,346.3333333333333,352.0,351.6666666666667,352.3333333333333,354.6666666666667
13,White,288.75,321.5,388.42857142857144,369.0,768.5,766.5,827.5,838.0,837.0,843.0,810.0,810.75,812.5
14,Black,4.0,4.333333333333333,4.5,4.833333333333333,6.0,6.333333333333333,8.0,8.0,7.666666666666667,8.333333333333334,6.0,6.0,6.666666666666667
14,Blue,125.0,133.66666666666666,153.66666666666666,148.16666666666666,275.5,276.0,313.0,316.0,319.6666666666667,321.6666666666667,285.0,289.6666666666667,290.6666666666667
14,Green,67.0,75.66666666666667,90.16666666666667,87.16666666666667,199.5,199.33333333333334,227.5,228.5,230.0,229.33333333333334,216.0,215.0,217.66666666666666
14,Red,110.33333333333333,126.0,156.16666666666666,147.0,332.0,331.6666666666667,339.0,352.5,347.3333333333333,351.0,351.3333333333333,351.0,352.6666666666667
14,White,286.0,319.0,387.0,368.2857142857143,768.0,773.0,826.5,839.5,845.0,846.0,809.5,808.75,817.75
15,Black,4.0,4.333333333333333,,,7.0,5.666666666666667,7.0,7.0,7.0,7.666666666666667,5.333333333333333,6.333333333333333,6.0
15,Blue,121.33333333333333,134.0,152.33333333333334,148.5,277.0,275.6666666666667,313.5,318.5,321.0,323.0,286.3333333333333,290.6666666666667,285.6666666666667
15,Green,66.66666666666667,74.66666666666667,,,201.5,200.66666666666666,224.0,224.5,230.0,220.66666666666666,217.66666666666666,218.0,217.33333333333334
15,Red,112.66666666666667,123.66666666666667,155.66666666666666,147.33333333333334,332.5,333.0,340.5,349.0,349.0,346.0,352.3333333333333,349.6666666666667,355.6666666666667
15,White,290.75,321.75,,,771.5,770.5,825.0,840.5,842.5,848.25,808.0,809.0,815.75
16,Black,4.666666666666667,4.0,,,6.0,6.333333333333333,7.0,6.0,7.0,6.666666666666667,5.333333333333333,6.333333333333333,6.333333333333333
16,Blue,124.66666666666667,135.66666666666666,,,276.5,276.6666666666667,314.5,312.0,322.6666666666667,319.0,289.3333333333333,287.0,291.3333333333333
16,Green,68.66666666666667,74.33333333333333,,,199.5,197.66666666666666,227.0,227.5,229.0,227.0,217.0,215.33333333333334,219.0
16,Red,110.33333333333333,124.66666666666667,,,331.5,336.0,343.5,347.0,348.3333333333333,352.0,349.3333333333333,350.6666666666667,353.6666666666667
16,White,289.0,322.75,,,773.5,767.25,826.0,843.0,840.3333333333334,846.0,807.3333333333334,811.3333333333334,816.0
17,Black,4.666666666666667,4.333333333333333,,,6.0,6.0,6.0,8.0,7.666666666666667,7.0,6.0,7.0,6.333333333333333
17,Blue,124.33333333333333,134.66666666666666,,,278.5,275.0,313.5,317.0,317.6666666666667,321.6666666666667,285.6666666666667,289.6666666666667,289.0
17,Green,65.66666666666667,75.66666666666667,,,199.5,201.0,223.5,230.0,229.33333333333334,224.0,214.0,219.0,219.33333333333334
17,Red,108.0,126.33333333333333,,,336.0,335.6666666666667,337.0,353.5,352.0,352.3333333333333,352.6666666666667,353.3333333333333,356.0
17,White,286.5,322.0,,,767.5,770.0,823.5,840.5,842.3333333333334,845.3333333333334,808.6666666666666,808.3333333333334,818.0
18,Black,4.666666666666667,4.333333333333333,,,6.0,6.0,7.0,7.0,7.666666666666667,7.666666666666667,5.333333333333333,6.666666666666667,6.0
18,Blue,123.0,133.33333333333334,,,269.0,276.0,313.5,317.0,317.0,320.3333333333333,288.0,291.0,290.3333333333333
18,Green,68.33333333333333,74.0,,,198.0,197.66666666666666,226.5,227.0,226.0,224.33333333333334,212.33333333333334,217.33333333333334,219.33333333333334
18,Red,111.33333333333333,122.33333333333333,,,333.0,336.6666666666667,340.0,346.0,348.3333333333333,347.6666666666667,352.6666666666667,353.6666666666667,358.0
18,White,290.75,321.0,,,770.5,767.0,825.0,839.0,845.3333333333334,849.0,809.6666666666666,810.3333333333334,814.3333333333334
19,Black,4.0,4.0,,,7.0,6.0,8.0,6.0,7.666666666666667,7.0,6.0,6.333333333333333,6.666666666666667
19,Blue,124.33333333333333,132.33333333333334,,,278.0,279.6666666666667,310.0,316.0,319.0,323.0,289.6666666666667,288.0,285.3333333333333
19,Green,68.0,74.66666666666667,,,197.5,200.0,222.5,224.0,229.33333333333334,224.66666666666666,218.0,220.0,219.33333333333334
19,Red,112.0,122.33333333333333,,,334.5,331.3333333333333,344.0,348.5,348.6666666666667,351.3333333333333,352.3333333333333,350.6666666666667,354.3333333333333
19,White,282.3333333333333,317.3333333333333,,,765.0,771.0,825.5,848.0,844.3333333333334,846.3333333333334,808.6666666666666,807.6666666666666,814.3333333333334
20,Black,4.0,5.0,,,7.0,6.666666666666667,7.0,9.0,7.666666666666667,7.666666666666667,5.333333333333333,6.666666666666667,6.0
20,Blue,123.66666666666667,135.66666666666666,,,280.0,276.3333333333333,311.0,315.0,315.3333333333333,320.0,284.6666666666667,289.3333333333333,290.6666666666667
20,Green,67.0,74.66666666666667,,,204.0,199.33333333333334,224.0,227.0,227.33333333333334,223.33333333333334,217.66666666666666,216.33333333333334,216.0
20,Red,110.33333333333333,121.66666666666667,,,333.0,334.0,342.5,353.0,349.3333333333333,349.3333333333333,352.0,349.3333333333333,354.3333333333333
20,White,282.0,320.3333333333333,,,765.5,767.3333333333334,825.0,845.5,843.3333333333334,849.3333333333334,810.3333333333334,809.3333333333334,813.0
21,Black,4.666666666666667,4.333333333333333,,,6.0,6.333333333333333,6.0,8.0,8.0,8.0,6.0,7.0,6.666666666666667
21,Blue,121.66666666666667,135.0,,,276.0,275.3333333333333,305.0,321.0,322.6666666666667,320.6666666666667,290.0,289.3333333333333,291.6666666666667
21,Green,69.33333333333333,75.33333333333333,,,198.0,200.0,225.5,233.0,230.0,225.33333333333334,214.66666666666666,218.66666666666666,215.33333333333334
21,Red,109.33333333333333,123.66666666666667,,,332.5,331.6666666666667,341.5,351.5,352.0,352.0,349.3333333333333,350.6666666666667,357.0
21,White,284.6666666666667,318.6666666666667,,,765.0,772.3333333333334,824.5,836.5,845.3333333333334,845.6666666666666,807.3333333333334,809.6666666666666,820.6666666666666
22,Black,4.0,4.0,,,6.0,6.0,8.0,7.0,6.666666666666667,7.333333333333333,6.0,6.666666666666667,5.666666666666667
22,Blue,122.66666666666667,135.0,,,276.0,275.0,312.0,318.0,318.0,318.3333333333333,286.0,289.3333333333333,291.0
22,Green,66.0,74.66666666666667,,,200.0,201.0,227.0,227.0,227.33333333333334,228.0,215.66666666666666,214.0,214.33333333333334
22,Red,111.33333333333333,125.0,,,331.0,335.6666666666667,342.0,353.0,349.3333333333333,349.0,349.3333333333333,348.6666666666667,350.6666666666667
22,White,283.6666666666667,319.6666666666667,,,769.0,771.3333333333334,825.0,842.5,842.0,845.6666666666666,810.3333333333334,811.0,810.0
23,Black,5.0,5.0,,,6.0,5.666666666666667,7.0,5.0,7.333333333333333,7.0,5.666666666666667,6.0,6.0
23,Blue,122.66666666666667,135.0,,,278.0,276.0,310.0,316.0,315.3333333333333,320.6666666666667,286.0,292.0,286.6666666666667
23,Green,66.66666666666667,74.0,,,199.5,202.66666666666666,223.0,224.0,228.0,225.66666666666666,214.0,219.66666666666666,219.66666666666666
23,Red,110.0,123.66666666666667,,,335.0,333.6666666666667,341.0,350.0,351.6666666666667,351.0,350.3333333333333,351.6666666666667,358.3333333333333
23,White,286.3333333333333,318.6666666666667,,,766.0,771.3333333333334,825.0,844.0,840.3333333333334,842.6666666666666,809.3333333333334,807.6666666666666,817.3333333333334
24,Black,4.666666666666667,4.333333333333333,,,7.0,6.0,9.0,7.0,7.666666666666667,7.0,6.0,6.666666666666667,6.333333333333333
24,Blue,122.33333333333333,134.33333333333334,,,276.0,275.3333333333333,315.0,318.0,318.3333333333333,317.6666666666667,287.3333333333333,290.3333333333333,288.3333333333333
24,Green,65.0,73.66666666666667,,,199.0,199.66666666666666,224.0,226.0,226.33333333333334,224.0,218.66666666666666,219.0,217.0
24,Red,111.0,123.0,,,335.0,333.6666666666667,337.0,347.0,351.0,354.0,352.3333333333333,353.0,352.3333333333333
24,White,283.3333333333333,320.6666666666667,,,768.5,772.3333333333334,825.5,841.5,846.0,846.3333333333334,809.3333333333334,811.0,817.0
25,Black,4.333333333333333,4.333333333333333,,,7.0,5.666666666666667,7.0,8.0,7.666666666666667,7.333333333333333,5.333333333333333,7.0,6.0
25,Blue,123.66666666666667,133.66666666666666,,,276.0,277.3333333333333,311.0,317.0,317.6666666666667,318.0,283.3333333333333,291.6666666666667,289.0
25,Green,67.0,72.66666666666667,,,198.0,199.0,228.5,231.0,230.66666666666666,227.33333333333334,215.33333333333334,217.0,218.0
25,Red,109.66666666666667,123.33333333333333,,,333.5,332.0,338.5,350.0,345.0,351.6666666666667,349.3333333333333,352.0,356.6666666666667
25,White,283.0,320.3333333333333,,,765.0,768.0,824.0,843.5,844.0,844.6666666666666,808.3333333333334,807.0,813.0
26,Black,4.333333333333333,4.333333333333333,,,5.0,6.0,8.0,7.0,8.0,7.0,6.0,7.0,6.0
26,Blue,125.0,132.0,,,275.0,279.0,311.0,319.0,319.6666666666667,322.0,285.6666666666667,288.3333333333333,285.6666666666667
26,Green,66.0,74.0,,,200.0,200.0,228.5,229.0,228.66666666666666,225.66666666666666,217.66666666666666,217.0,215.66666666666666
26,Red,112.0,126.0,,,333.0,336.3333333333333,340.5,349.5,349.6666666666667,354.0,352.6666666666667,351.0,355.0
26,White,281.3333333333333,319.0,,,774.0,768.6666666666666,827.5,839.5,842.3333333333334,843.6666666666666,810.0,810.0,816.6666666666666
27,Black,4.0,4.333333333333333,,,7.0,5.333333333333333,9.0,7.0,8.0,7.666666666666667,5.666666666666667,6.666666666666667,6.0
27,Blue,123.33333333333333,133.33333333333334,,,277.0,278.0,308.0,324.0,319.0,319.3333333333333,285.0,290.0,288.3333333333333
27,Green,68.33333333333333,73.66666666666667,,,199.5,198.66666666666666,227.0,227.5,229.0,225.33333333333334,216.33333333333334,217.66666666666666,218.33333333333334
27,Red,109.0,126.0,,,334.0,333.3333333333333,341.0,350.5,351.0,353.3333333333333,352.0,350.6666666666667,356.3333333333333
27,White,282.6666666666667,320.3333333333333,,,769.0,768.3333333333334,832.0,844.5,846.3333333333334,848.0,804.3333333333334,811.3333333333334,817.3333333333334
28,Black,4.0,3.6666666666666665,,,7.0,6.333333333333333,7.0,7.0,7.333333333333333,8.0,5.666666666666667,6.0,6.0
28,Blue,125.33333333333333,135.0,,,271.0,277.0,311.0,315.0,316.6666666666667,321.0,286.0,288.0,289.0
28,Green,68.0,73.66666666666667,,,201.0,199.0,223.5,231.5,226.0,224.0,214.66666666666666,215.0,220.66666666666666
28,Red,109.0,124.33333333333333,,,332.5,332.0,343.0,351.5,346.0,351.3333333333333,348.6666666666667,351.6666666666667,356.3333333333333
28,White,284.6666666666667,320.6666666666667,,,769.0,771.6666666666666,823.5,844.5,845.3333333333334,846.6666666666666,809.6666666666666,813.0,813.3333333333334
29,Black,4.5,4.0,,,5.0,5.666666666666667,7.0,7.0,6.666666666666667,8.0,5.666666666666667,7.333333333333333,6.333333333333333
29,Blue,124.0,135.0,,,275.0,279.3333333333333,313.0,315.0,319.0,320.0,288.0,289.3333333333333,288.6666666666667
29,Green,67.0,73.33333333333333,,,198.0,199.66666666666666,223.0,228.0,228.66666666666666,223.33333333333334,214.33333333333334,217.66666666666666,221.0
29,Red,110.33333333333333,123.0,,,335.0,335.6666666666667,339.0,346.5,350.0,348.6666666666667,353.6666666666667,351.3333333333333,353.3333333333333
29,White,284.6666666666667,321.6666666666667,,,767.5,769.3333333333334,825.5,840.0,840.0,844.0,812.0,812.6666666666666,816.3333333333334
30,Black,,,,,6.0,,8.0,6.0,,,5.0,,
30,Blue,,,,,275.0,,309.0,318.0,,,,,
30,Green,,,,,201.0,,222.0,225.0,,,,218.0,
30,Red,,,,,331.0,,341.0,349.5,,,353.0,,357.0
30,White,,,,,767.5,,826.0,842.0,836.0,849.0,,,
31,Black,,,,,7.0,,8.0,7.0,,,,,
31,Blue,,,,,279.0,,314.0,317.0,,,,,
31,Green,,,,,201.0,,226.0,230.5,,,,,
31,Red,,,,,332.5,,342.0,352.5,,,,,
31,White,,,,,763.5,,821.5,842.0,,,,,
32,Black,,,,,6.0,,7.0,7.0,,,,,
32,Blue,,,,,276.0,,312.0,317.0,,,,,
32,Green,,,,,199.0,,223.5,229.5,,,,,
32,Red,,,,,333.5,,338.0,351.0,,,,,
32,White,,,,,765.0,,826.0,842.5,,,,,
33,Black,,,,,6.0,,6.0,6.0,,,,,
33,Blue,,,,,272.0,,311.0,317.0,,,,,
33,Green,,,,,199.5,,226.5,224.0,,,,,
33,Red,,,,,331.0,,340.0,346.0,,,,,
33,White,,,,,767.5,,827.0,838.0,,,,,
34,Black,,,,,6.0,,7.0,6.0,,,,,
34,Blue,,,,,281.0,,312.0,318.0,,,,,
34,Green,,,,,198.0,,223.5,228.5,,,,,
34,Red,,,,,331.5,,343.5,356.0,,,,,
34,White,,,,,771.0,,831.5,840.0,,,,,
35,Black,,,,,6.0,,8.0,7.0,,,,,
35,Blue,,,,,275.0,,314.0,318.0,,,,,
35,Green,,,,,196.5,,225.0,226.5,,,,,
35,Red,,,,,338.0,,341.0,354.0,,,,,
35,White,,,,,768.5,,827.0,842.5,,,,,
36,Black,,,,,8.0,,7.0,8.0,,,,,
36,Blue,,,,,277.0,,312.0,313.0,,,,,
36,Green,,,,,199.5,,223.0,226.5,,,,,
36,Red,,,,,334.0,,339.5,346.5,,,,,
36,White,,,,,769.5,,824.0,845.5,,,,,
37,Black,,,,,6.0,,8.0,6.0,,,,,
37,Blue,,,,,279.0,,307.0,315.0,,,,,
37,Green,,,,,199.5,,225.5,229.5,,,,,
37,Red,,,,,329.5,,342.5,347.0,,,,,
37,White,,,,,768.5,,826.5,840.5,,,,,
38,Black,,,,,6.0,,8.0,7.0,,,,,
38,Blue,,,,,275.0,,314.0,317.0,,,,,
38,Green,,,,,203.0,,226.0,225.5,,,,,
38,Red,,,,,333.0,,339.0,353.0,,,,,
38,White,,,,,765.5,,822.5,843.5,,,,,
39,Black,,,,,7.0,,7.0,8.0,,,,,
39,Blue,,,,,277.0,,312.0,315.0,,,,,
39,Green,,,,,203.5,,226.0,224.0,,,,,
39,Red,,,,,329.5,,344.5,348.5,,,,,
39,White,,,,,765.5,,824.5,843.5,,,,,
40,Black,,,,,5.0,,7.0,7.0,,,,,
40,Blue,,,,,275.0,,312.0,315.0,,,,,
40,Green,,,,,197.0,,225.5,227.0,,,,,
40,Red,,,,,335.5,,343.5,347.5,,,,,
40,White,,,,,765.5,,825.0,839.5,,,,,
41,Black,,,,,6.0,,7.0,5.0,,,,,
41,Blue,,,,,277.0,,312.0,313.0,,,,,
41,Green,,,,,198.5,,226.5,228.5,,,,,
41,Red,,,,,336.5,,344.5,349.5,,,,,
41,White,,,,,771.5,,828.5,838.0,,,,,
42,Black,,,,,7.0,,7.0,6.0,,,,,
42,Blue,,,,,276.0,,312.0,317.0,,,,,
42,Green,,,,,199.0,,223.5,230.0,,,,,
42,Red,,,,,333.0,,341.5,349.0,,,,,
42,White,,,,,768.5,,824.5,840.5,,,,,
43,Black,,,,,6.0,,8.0,6.0,,,,,
43,Blue,,,,,277.0,,314.0,315.0,,,,,
43,Green,,,,,200.5,,226.5,224.5,,,,,
43,Red,,,,,331.0,,338.0,348.0,,,,,
43,White,,,,,766.5,,826.5,843.0,,,,,
44,Black,,,,,5.0,,7.0,6.0,,,,,
44,Blue,,,,,276.0,,314.0,314.0,,,,,
44,Green,,,,,199.0,,227.0,229.0,,,,,
44,Red,,,,,332.0,,342.0,350.0,,,,,
44,White,,,,,770.0,,831.5,844.0,,,,,
45,Black,,,,,7.0,,6.0,7.0,,,,,
45,Blue,,,,,279.0,,316.0,322.0,,,,,
45,Green,,,,,200.5,,223.5,228.0,,,,,
45,Red,,,,,329.5,,341.0,354.0,,,,,
45,White,,,,,769.0,,826.0,845.5,,,,,
46,Black,,,,,6.0,,7.0,7.0,,,,,
46,Blue,,,,,274.0,,309.0,317.0,,,,,
46,Green,,,,,201.0,,229.0,225.0,,,,,
46,Red,,,,,335.0,,338.0,350.0,,,,,
46,White,,,,,768.0,,823.5,845.0,,,,,
47,Black,,,,,6.0,,8.0,8.0,,,,,
47,Blue,,,,,278.0,,312.0,318.0,,,,,
47,Green,,,,,199.0,,226.5,231.0,,,,,
47,Red,,,,,330.5,,342.5,346.5,,,,,
47,White,,,,,766.5,,828.5,837.5,,,,,
48,Black,,,,,7.0,,9.0,6.0,,,,,
48,Blue,,,,,276.0,,315.0,317.0,,,,,
48,Green,,,,,202.5,,224.5,228.5,,,,,
48,Red,,,,,335.5,,340.5,348.0,,,,,
48,White,,,,,766.5,,828.0,843.5,,,,,
49,Black,,,,,7.0,,7.0,8.0,,,,,
49,Blue,,,,,274.0,,311.0,318.0,,,,,
49,Green,,,,,199.5,,227.0,227.0,,,,,
49,Red,,,,,333.5,,343.0,351.5,,,,,
49,White,,,,,764.0,,824.5,842.0,,,,,
50,Black,,,,,7.0,,7.0,6.0,,,,,
50,Blue,,,,,274.0,,312.0,318.0,,,,,
50,Green,,,,,196.5,,225.0,229.0,,,,,
50,Red,,,,,332.0,,335.5,349.5,,,,,
50,White,,,,,765.0,,824.0,841.5,,,,,
51,Black,,,,,7.0,,7.0,7.0,,,,,
51,Blue,,,,,274.0,,310.0,315.0,,,,,
51,Green,,,,,196.0,,224.5,227.0,,,,,
51,Red,,,,,334.5,,340.5,349.0,,,,,
51,White,,,,,770.0,,826.0,843.5,,,,,
52,Black,,,,,6.0,,8.0,7.0,,,,,
52,Blue,,,,,273.0,,314.0,314.0,,,,,
52,Green,,,,,199.5,,226.0,228.0,,,,,
52,Red,,,,,333.0,,346.5,353.5,,,,,
52,White,,,,,766.5,,826.5,843.0,,,,,
53,Black,,,,,6.0,,9.0,7.0,,,,,
53,Blue,,,,,275.0,,309.0,312.0,,,,,
53,Green,,,,,197.5,,227.0,228.5,,,,,
53,Red,,,,,332.0,,342.0,354.0,,,,,
53,White,,,,,766.5,,829.0,841.0,,,,,
54,Black,,,,,7.0,,8.0,6.0,,,,,
54,Blue,,,,,275.0,,310.0,316.0,,,,,
54,Green,,,,,199.0,,226.5,223.0,,,,,
54,Red,,,,,336.5,,342.0,352.0,,,,,
54,White,,,,,766.5,,826.0,839.5,,,,,
55,Black,,,,,6.0,,7.0,6.0,,,,,
55,Blue,,,,,277.0,,314.0,310.0,,,,,
55,Green,,,,,197.5,,225.5,227.0,,,,,
55,Red,,,,,334.0,,340.0,350.0,,,,,
55,White,,,,,768.0,,818.5,845.0,,,,,
56,Black,,,,,6.0,,8.0,6.0,,,,,
56,Blue,,,,,275.0,,312.0,316.0,,,,,
56,Green,,,,,200.5,,224.5,229.0,,,,,
56,Red,,,,,332.0,,343.0,351.0,,,,,
56,White,,,,,769.0,,827.5,839.0,,,,,
57,Black,,,,,7.0,,8.0,8.0,,,,,
57,Blue,,,,,279.0,,312.0,320.0,,,,,
57,Green,,,,,199.5,,226.0,230.5,,,,,
57,Red,,,,,333.5,,344.5,348.0,,,,,
57,White,,,,,759.5,,821.5,843.5,,,,,
58,Black,,,,,6.0,,8.0,6.0,,,,,
58,Blue,,,,,269.0,,313.0,322.0,,,,,
58,Green,,,,,201.5,,227.0,225.0,,,,,
58,Red,,,,,336.0,,342.0,349.5,,,,,
58,White,,,,,768.5,,825.0,847.0,,,,,
59,Blue,,,,,,,,316.0,,,,,
59,White,,,,,,,,844.0,,,,,
Order,Color,Soil_2.csv,Soil_3.csv,Soil_1.csv,Soil_0.csv,Empty_0.csv,Empty_1.csv,Urea_5.csv,Urea_4.csv,Urea_3.csv,Urea_2.csv,Urea_1.csv,Water_1.csv,Water_0.csv
1,Black,0.5773502691896257,0.0,0.5163977794943221,0.752772652709081,,0.0,,,0.5773502691896258,0.0,0.5773502691896257,1.5275252316519465,0.5773502691896257
1,Blue,2.081665999466134,2.0816659994661366,2.1908902300206616,2.280350850198278,3.5355339059327378,1.0,1.4142135623730951,2.8284271247461903,4.041451884327376,2.0,2.081665999466135,2.6457513110645907,3.5118845842842394
1,Green,3.511884584284246,3.5118845842842448,2.3166067138525404,1.7224014243685104,1.4142135623730951,3.21455025366432,3.5355339059327378,2.8284271247461903,4.04145188432738,1.5275252316519499,2.0,1.1547005383792495,2.0
1,Red,7.234178138070236,1.1547005383792495,5.163977794943223,1.6183471874253719,3.5355339059327378,6.658328118479401,1.4142135623730951,4.242640687119285,2.081665999466135,0.577350269189634,4.932882862316256,2.309401076758499,3.7859388972001873
1,White,13.625955623979792,8.34665601703261,8.050436249640383,5.727959829601097,6.363961030678928,4.031128874149269,8.48528137423857,7.0710678118654755,2.6299556396765835,5.802298395176391,3.9157800414902293,6.60807586719967,4.573474244670748
2,Black,0.5773502691896257,0.0,0.5477225575051662,0.5477225575051661,,1.0,,,1.0,1.5275252316519465,0.5773502691896258,0.5773502691896258,0.5773502691896258
2,Blue,4.58257569495584,3.0,2.316606713852535,3.5449494589721064,2.8284271247461903,2.0,0.0,0.0,1.5275252316519452,2.081665999466135,1.0,3.4641016151377544,5.0
2,Green,2.6457513110645907,1.0,2.422120283277993,2.1602468994692874,0.7071067811865476,3.055050463303897,2.1213203435596424,2.1213203435596424,1.0,0.5773502691896278,3.214550253664321,2.5166114784235836,1.7320508075688772
2,Red,4.932882862316246,2.6457513110645907,4.775931721614519,2.299068134204443,2.1213203435596424,1.7320508075688772,0.7071067811865476,0.7071067811865476,1.5275252316519452,4.1633319989322635,5.291502622129181,4.041451884327373,2.309401076758499
2,White,16.227548592850773,4.898979485566356,7.78276484107213,3.773340063934765,2.8284271247461903,4.830458915396485,4.242640687119285,2.1213203435596424,2.872281323269006,5.916079783099609,4.349329450233296,5.196152422706632,3.9157800414902293
3,Black,0.5773502691896258,0.5773502691896257,0.5163977794943222,0.408248290463863,,1.1547005383792517,,,1.0,0.5773502691896258,1.5275252316519465,1.7320508075688772,1.0
3,Blue,2.0816659994661335,2.5166114784235867,2.160246899469289,3.1411250638372623,2.1213203435596424,2.5166114784235907,0.7071067811865476,0.7071067811865476,1.5275252316519545,2.0816659994661246,1.7320508075688772,1.5275252316519405,4.618802153516998
3,Green,3.605551275463989,0.5773502691896247,2.9439202887759492,1.72240142436851,0.7071067811865476,1.1547005383792495,4.242640687119285,1.4142135623730951,1.7320508075688772,2.309401076758505,3.5118845842842425,3.0550504633038904,1.7320508075688772
3,Red,8.08290376865476,0.5773502691896247,3.5118845842842545,2.9113897843110044,0.0,2.309401076758499,1.4142135623730951,1.4142135623730951,5.507570547286106,4.041451884327373,2.6457513110645907,2.5166114784235907,5.0
3,White,13.403979508588726,7.615773105863901,9.719886340703287,2.93582145558064,11.313708498984761,2.449489742783178,7.0710678118654755,0.7071067811865476,4.9328828623162355,3.1622776601683644,4.795831523312706,7.847504911329025,1.9148542155126762
4,Black,0.5773502691896257,0.5773502691896258,0.7527726527090809,0.752772652709081,,0.5773502691896257,,,0.0,0.5773502691896257,0.5773502691896257,0.5773502691896257,0.5773502691896257
4,Blue,2.0,4.58257569495584,3.3862466931200794,2.581988897471609,2.8284271247461903,2.0,2.1213203435596424,4.949747468305833,3.2145502536643265,0.5773502691896216,3.7859388972001873,0.577350269189634,1.5275252316519545
4,Green,1.5275252316519485,2.309401076758502,3.8858718455450907,2.258317958127244,1.4142135623730951,3.605551275463989,1.4142135623730951,0.7071067811865476,1.5275252316519499,0.5773502691896278,4.358898943540674,3.0550504633038904,3.0550504633038904
4,Red,4.509249752822896,1.5275252316519452,4.802776974487432,2.503331114069141,0.0,2.6457513110645907,3.5355339059327378,1.4142135623730951,4.041451884327373,1.5275252316519545,3.2145502536643153,2.0,2.0816659994661384
4,White,15.459624833740307,4.32049379893858,5.21901286050295,6.187545093630764,2.8284271247461903,2.217355782608356,3.5355339059327378,0.7071067811865476,4.924428900898042,6.683312551921141,1.8257418583505538,3.8622100754188224,3.8622100754188224
5,Black,0.0,1.1547005383792515,0.8944271909999159,0.752772652709081,,0.5773502691896257,,,1.0,0.5773502691896257,0.5773502691896258,0.5773502691896258,0.5773502691896257
5,Blue,3.605551275463989,1.5275252316519474,3.2041639575194445,1.8618986725025217,0.7071067811865476,2.6457513110645907,4.949747468305833,2.1213203435596424,2.081665999466135,5.5677643628300215,2.081665999466135,2.309401076758499,5.196152422706632
5,Green,3.2145502536643202,1.0,2.994439290863427,1.264911064067353,0.7071067811865476,4.0,0.7071067811865476,0.7071067811865476,2.5166114784235796,6.244997998398398,1.7320508075688772,4.163331998932262,0.5773502691896278
5,Red,6.082762530298219,4.58257569495584,6.013872850889575,4.070217029430573,0.0,3.4641016151377544,4.949747468305833,5.656854249492381,2.6457513110645907,1.1547005383792557,2.5166114784235907,2.0816659994661246,2.081665999466135
5,White,14.66287829861518,4.0,8.029706749078112,7.565586245499758,6.363961030678928,5.795112883571239,2.8284271247461903,4.949747468305833,6.999999999999998,1.5,4.573474244670739,5.715476066494074,0.5000000000000094
6,Black,0.5773502691896257,0.5773502691896257,0.5163977794943221,0.408248290463863,,1.1547005383792517,,,0.5773502691896258,1.1547005383792517,1.5275252316519465,0.5773502691896257,1.0
6,Blue,2.309401076758502,4.725815626252607,2.338090388900018,2.6394443859772236,4.242640687119285,3.605551275463989,0.0,2.8284271247461903,1.1547005383792557,1.1547005383792557,0.577350269189634,2.5166114784235765,1.5275252316519452
6,Green,2.309401076758505,2.0,2.588435821108956,3.0166206257996695,3.5355339059327378,3.0,0.0,1.4142135623730951,0.5773502691896278,2.0,1.7320508075688772,4.358898943540674,1.0
6,Red,5.131601439446882,2.516611478423585,4.792355023020174,1.8618986725025248,2.8284271247461903,1.5275252316519545,3.5355339059327378,6.363961030678928,2.886751345948133,0.5773502691896216,1.7320508075688772,0.577350269189634,1.1547005383792557
6,White,18.209429791548473,2.629955639676575,8.906926143924919,3.9460649476951866,2.8284271247461903,5.802298395176405,2.1213203435596424,1.4142135623730951,3.872983346207417,1.0,5.965176722724439,4.031128874149269,5.196152422706625
7,Black,0.5773502691896258,0.0,0.5163977794943222,0.7527726527090811,,0.0,,,0.5773502691896257,0.5773502691896258,1.5275252316519468,0.5773502691896258,1.0
7,Blue,3.214550253664317,1.5275252316519499,1.760681686165901,1.834847859269717,0.7071067811865476,2.3094010767585114,0.7071067811865476,3.5355339059327378,2.0,2.886751345948133,3.0550504633038855,2.6457513110645907,4.041451884327373
7,Green,1.0,1.7320508075688772,1.3662601021279444,2.5298221281347035,0.7071067811865476,4.163331998932268,0.7071067811865476,2.8284271247461903,3.0550504633038926,1.7320508075688772,1.7320508075688772,2.6457513110645907,1.0
7,Red,4.0,5.5075705472861,3.9874804074753802,3.188521078284835,1.4142135623730951,3.4641016151377544,4.949747468305833,3.5355339059327378,2.0816659994661384,1.1547005383792432,1.0,2.886751345948133,2.0
7,White,17.134273644754643,6.137317546507315,8.571825387640045,4.231401884099625,4.949747468305833,0.9574271077563381,2.1213203435596424,5.656854249492381,4.546060565661967,2.6299556396765706,6.020797289396148,2.160246899469287,4.966554808583765
8,Black,0.5773502691896257,1.0,0.5477225575051662,0.408248290463863,,0.5773502691896257,,,1.0,0.0,1.1547005383792515,1.1547005383792515,0.5773502691896257
8,Blue,3.511884584284246,1.1547005383792495,3.060501048303472,3.7947331922020573,3.5355339059327378,4.358898943540674,2.1213203435596424,1.4142135623730951,2.0816659994661246,1.5275252316519405,1.5275252316519405,2.5166114784235765,3.0550504633038855
8,Green,4.509249752822896,1.5275252316519452,1.7606816861659003,2.562550812504343,0.7071067811865476,2.08166599946613,2.8284271247461903,0.0,3.4641016151377544,2.08166599946613,1.0,1.7320508075688772,0.0
8,Red,3.7859388972001833,2.6457513110645907,4.3817804600413295,3.728270376461448,0.7071067811865476,2.309401076758499,2.8284271247461903,2.8284271247461903,1.5275252316519405,2.5166114784235907,3.2145502536643265,3.5118845842842537,1.5275252316519452
8,White,14.056433876817163,5.737304826019507,8.9708522714506,5.968169536721253,5.656854249492381,4.573474244670748,1.4142135623730951,7.0710678118654755,5.852349955359813,5.887840577551914,4.349329450233296,2.8722813232690143,2.943920288775949
9,Black,0.5773502691896258,0.0,0.752772652709081,0.894427190999916,,0.5773502691896257,,,1.1547005383792517,1.0,0.5773502691896258,1.0,1.0
9,Blue,2.0,2.309401076758505,3.710345895825165,1.3291601358251264,1.4142135623730951,1.5275252316519452,0.7071067811865476,2.8284271247461903,1.1547005383792432,3.0550504633038855,2.8867513459481207,2.886751345948133,1.0
9,Green,3.7859388972001833,3.605551275463989,3.577708763999662,1.7606816861659003,0.7071067811865476,2.6457513110645907,2.8284271247461903,1.4142135623730951,2.0816659994661317,2.886751345948127,0.5773502691896278,2.886751345948127,1.1547005383792557
9,Red,4.5092497528228925,0.5773502691896247,4.7609522856952315,1.47196014438797,1.4142135623730951,1.0,2.1213203435596424,1.4142135623730951,2.309401076758499,2.5166114784235765,6.110100926607781,2.0,1.0
9,White,16.317168872080714,4.242640687119277,7.454624643228427,6.019808571549023,7.0710678118654755,4.654746681256314,4.242640687119285,2.8284271247461903,3.3040379335998336,2.886751345948129,5.251983752196256,4.123105625617649,2.217355782608339
10,Black,0.0,0.5773502691896258,0.752772652709081,0.5163977794943221,,0.5773502691896257,,,0.5773502691896257,0.5773502691896258,0.5773502691896257,0.0,0.5773502691896257
10,Blue,2.88675134594813,2.5166114784235867,4.87510683643617,3.656045222185671,4.242640687119285,1.0,2.8284271247461903,3.5355339059327378,5.686240703077333,4.0,3.5118845842842457,3.2145502536643153,4.041451884327376
10,Green,2.081665999466134,2.081665999466131,2.8751811537130436,1.7224014243685106,7.0710678118654755,1.7320508075688772,0.7071067811865476,2.8284271247461903,5.5677643628300215,2.0816659994661366,2.0,3.4641016151377544,1.5275252316519474
10,Red,6.658328118479392,4.58257569495584,3.8815804341359037,2.073644135332772,3.5355339059327378,1.5275252316519452,2.1213203435596424,1.4142135623730951,0.0,1.0,4.932882862316256,4.163331998932273,1.5275252316519452
10,White,16.820126832656968,5.560275772537426,7.515064236331606,4.644505202002517,1.4142135623730951,4.43471156521669,3.5355339059327378,6.363961030678928,4.96655480858378,1.290994448735791,6.500000000000012,6.130524719249855,0.816496580927726
11,Black,1.0,0.0,0.408248290463863,0.5163977794943222,,1.0,,,1.0,0.5773502691896257,0.0,1.5275252316519465,1.0
11,Blue,2.0,3.605551275463989,3.7771241264574082,2.639444385977221,0.7071067811865476,1.0,1.4142135623730951,2.8284271247461903,2.5166114784235822,0.5773502691896216,2.0816659994661384,1.5275252316519405,2.0816659994661246
11,Green,1.5275252316519452,4.041451884327382,1.4142135623730951,2.7325202042558923,1.4142135623730951,3.0550504633038904,0.7071067811865476,0.0,0.5773502691896278,1.5275252316519499,2.08166599946613,2.5166114784235796,1.5275252316519428
11,Red,6.244997998398398,1.1547005383792495,4.708148963941843,3.847076812334271,0.0,4.725815626252614,7.0710678118654755,6.363961030678928,1.0,2.0816659994661384,3.5118845842842537,2.6457513110645907,0.577350269189634
11,White,16.54287359157008,2.6299556396765835,8.360906763309936,4.309458036856669,1.4142135623730951,2.217355782608345,11.313708498984761,0.0,5.439056290693581,5.0990195135927845,4.966554808583765,2.8722813232690143,0.9574271077563381
12,Black,0.5773502691896257,0.5773502691896257,0.8366600265340756,0.8944271909999159,,1.0,,,1.5275252316519465,1.1547005383792515,0.0,0.5773502691896257,1.0
12,Blue,4.725815626252606,2.0816659994661366,3.829708431025356,1.4719601443879682,4.242640687119285,2.886751345948133,4.949747468305833,1.4142135623730951,4.58257569495584,1.7320508075688772,2.5166114784235765,3.055050463303895,2.5166114784235822
12,Green,3.0550504633038913,2.0,2.280350850198276,1.6431676725154978,2.1213203435596424,1.5275252316519499,0.7071067811865476,0.7071067811865476,4.358898943540674,3.5118845842842425,2.0816659994661317,1.1547005383792557,2.0816659994661317
12,Red,3.4641016151377544,1.1547005383792526,3.03315017762062,2.449489742783181,2.8284271247461903,4.509249752822887,4.242640687119285,3.5355339059327378,3.5118845842842457,2.5166114784235907,7.023769168568485,5.5677643628300215,3.605551275463989
12,White,17.231270024773753,7.164728420068234,5.287001130355559,5.1593650402978515,2.1213203435596424,2.6299556396765835,4.949747468305833,4.242640687119285,2.872281323269026,1.4142135623730885,4.991659710623994,4.112987559751007,4.082482904638619
13,Black,0.5773502691896258,0.5773502691896257,0.5477225575051661,0.6324555320336759,,1.1547005383792515,,,1.0,0.5773502691896257,1.1547005383792517,1.0,1.0
13,Blue,2.309401076758505,5.686240703077331,2.8809720581775844,1.0327955589886477,0.7071067811865476,1.1547005383792432,4.242640687119285,3.5355339059327378,2.6457513110645907,2.886751345948133,1.1547005383792557,0.0,3.2145502536643265
13,Green,2.88675134594813,1.1547005383792526,2.422120283277993,1.4719601443879744,0.7071067811865476,0.5773502691896216,0.7071067811865476,2.1213203435596424,1.1547005383792495,1.5275252316519499,3.0550504633038926,0.5773502691896278,3.2145502536643145
13,Red,7.0,2.88675134594813,3.0605010483034722,3.656045222185666,3.5355339059327378,2.309401076758499,4.949747468305833,5.656854249492381,1.5275252316519452,1.7320508075688772,2.081665999466135,1.1547005383792432,3.055050463303895
13,White,15.326991442115007,6.137317546507315,6.294366339755547,5.322906474223773,4.949747468305833,3.5118845842842625,2.1213203435596424,4.242640687119285,4.760952285695217,4.830458915396489,4.396968652757646,8.421203397773176,6.40312423743285
14,Black,0.0,0.5773502691896257,0.5477225575051661,0.752772652709081,,0.5773502691896258,,,1.1547005383792515,0.5773502691896258,0.0,1.0,0.5773502691896258
14,Blue,1.0,5.131601439446887,2.8047578623950167,1.6020819787597234,3.5355339059327378,2.0,2.8284271247461903,1.4142135623730951,3.214550253664313,5.131601439446892,1.0,0.5773502691896216,2.5166114784235822
14,Green,1.7320508075688772,2.886751345948127,2.1369760566432805,3.188521078284832,2.1213203435596424,4.04145188432738,4.949747468305833,0.7071067811865476,2.6457513110645907,1.1547005383792557,2.0,1.0,4.509249752822898
14,Red,4.618802153517007,4.0,5.980523945831724,2.529822128134707,1.4142135623730951,5.507570547286106,1.4142135623730951,0.7071067811865476,1.1547005383792557,2.6457513110645907,0.5773502691896216,5.291502622129181,4.041451884327373
14,White,14.094916341243982,6.78232998312526,7.831560082980487,3.302235894778243,1.4142135623730951,1.4142135623731085,4.949747468305833,6.363961030678928,1.4142135623731018,3.3665016461207067,7.593857166596335,6.55108133567786,4.031128874149275
15,Black,1.0,0.5773502691896257,,,,0.5773502691896257,,,0.0,0.5773502691896257,0.5773502691896257,0.5773502691896258,1.0
15,Blue,1.5275252316519463,3.605551275463989,2.7325202042558927,2.2583179581272406,1.4142135623730951,1.5275252316519452,0.7071067811865476,0.7071067811865476,3.605551275463989,3.605551275463989,2.0816659994661384,2.5166114784235765,2.5166114784235822
15,Green,2.081665999466131,0.5773502691896247,,,2.1213203435596424,3.2145502536643145,1.4142135623730951,0.7071067811865476,0.0,0.5773502691896278,3.21455025366432,3.605551275463989,2.08166599946613
15,Red,3.5118845842842448,0.5773502691896247,4.226897995772629,4.36653943835009,4.949747468305833,3.605551275463989,3.5355339059327378,1.4142135623730951,2.6457513110645907,1.7320508075688772,5.686240703077333,3.7859388972001744,4.509249752822893
15,White,17.442763542512402,5.852349955359816,,,2.1213203435596424,5.196152422706625,5.656854249492381,7.7781745930520225,1.914854215512681,5.909032633745278,3.5590260840104317,3.559026084010437,3.7749172176353762
16,Black,0.5773502691896257,0.0,,,,1.1547005383792515,,,1.0,1.1547005383792517,0.5773502691896258,0.5773502691896257,0.5773502691896258
16,Blue,4.5092497528228925,2.886751345948133,,,0.7071067811865476,2.0816659994661246,2.1213203435596424,,2.5166114784235822,1.0,1.1547005383792557,3.605551275463989,3.2145502536643265
16,Green,1.5275252316519463,2.309401076758502,,,0.7071067811865476,3.785938897200181,1.4142135623730951,2.1213203435596424,1.0,3.4641016151377544,2.0,1.1547005383792557,1.7320508075688772
16,Red,5.6862407030773285,4.932882862316246,,,2.1213203435596424,1.7320508075688772,2.1213203435596424,4.242640687119285,3.214550253664313,2.0,0.5773502691896216,5.686240703077329,1.1547005383792432
16,White,16.673332000533065,6.499999999999993,,,0.7071067811865476,4.112987559751034,2.8284271247461903,4.242640687119285,3.785938897200199,4.0,5.686240703077323,2.0816659994661215,3.4641016151377544
17,Black,0.5773502691896258,0.5773502691896257,,,,0.0,,,0.5773502691896257,1.0,1.0,1.0,0.5773502691896258
17,Blue,4.72581562625261,2.0816659994661366,,,2.1213203435596424,1.7320508075688772,3.5355339059327378,,1.5275252316519452,1.1547005383792432,2.5166114784235765,0.5773502691896216,2.6457513110645907
17,Green,1.1547005383792526,2.516611478423582,,,0.7071067811865476,2.6457513110645907,0.7071067811865476,0.0,3.5118845842842497,2.0,1.7320508075688772,1.0,2.5166114784235867
17,Red,6.082762530298219,4.618802153517007,,,1.4142135623730951,3.2145502536643153,4.242640687119285,0.7071067811865476,3.605551275463989,2.081665999466135,3.2145502536643153,5.686240703077333,1.7320508075688772
17,White,17.31088289679838,6.000000000000008,,,10.606601717798213,4.96655480858378,9.192388155425117,4.949747468305833,0.577350269189634,6.806859285554057,2.0816659994661486,5.507570547286092,2.0
18,Black,1.1547005383792517,0.5773502691896257,,,,0.0,,,0.5773502691896257,1.5275252316519465,0.5773502691896257,0.5773502691896257,1.0
18,Blue,1.0,3.2145502536643145,,,,2.0,2.1213203435596424,,2.0,2.886751345948133,3.605551275463989,2.6457513110645907,0.5773502691896216
18,Green,0.5773502691896278,1.0,,,0.0,0.5773502691896278,3.5355339059327378,4.242640687119285,1.0,3.0550504633038926,2.08166599946613,3.5118845842842425,1.5275252316519474
18,Red,5.131601439446886,3.5118845842842483,,,0.0,1.5275252316519545,2.8284271247461903,2.8284271247461903,0.5773502691896216,3.2145502536643153,3.2145502536643153,2.8867513459481207,1.0
18,White,16.3579746097533,6.082762530298219,,,2.1213203435596424,4.0,7.0710678118654755,2.8284271247461903,2.081665999466128,2.6457513110645907,0.5773502691896093,1.5275252316519499,6.027713773341723
19,Black,0.0,0.0,,,,0.0,,,1.5275252316519468,1.0,1.0,1.1547005383792517,0.5773502691896257
19,Blue,5.033222956847168,0.5773502691896278,,,,2.0816659994661246,,,2.6457513110645907,3.0,3.5118845842842394,2.0,2.5166114784235822
19,Green,2.6457513110645907,5.0332229568471645,,,3.5355339059327378,3.605551275463989,2.1213203435596424,1.4142135623730951,2.5166114784235796,2.886751345948127,2.6457513110645907,2.6457513110645907,3.0550504633038904
19,Red,7.0,1.5275252316519485,,,2.1213203435596424,0.5773502691896216,2.8284271247461903,0.7071067811865476,2.5166114784235907,1.5275252316519405,2.886751345948133,3.7859388972001855,2.081665999466135
19,White,12.22020185321558,6.658328118479401,,,1.4142135623730951,2.6457513110645907,2.1213203435596424,1.4142135623730951,5.507570547286118,1.527525231651959,4.0414518843273886,1.527525231651959,2.3094010767584865
20,Black,0.0,1.0,,,,1.5275252316519465,,,0.5773502691896257,0.5773502691896257,0.5773502691896258,0.5773502691896258,0.0
20,Blue,4.618802153517004,1.1547005383792495,,,,0.5773502691896216,,,3.7859388972001855,1.0,2.0816659994661384,2.5166114784235822,3.7859388972001744
20,Green,1.0,2.516611478423582,,,1.4142135623730951,1.1547005383792495,5.656854249492381,4.242640687119285,0.5773502691896216,2.0816659994661317,2.5166114784235867,2.5166114784235796,1.0
20,Red,2.0816659994661335,2.081665999466131,,,4.242640687119285,1.7320508075688772,3.5355339059327378,5.656854249492381,1.1547005383792557,1.1547005383792557,4.0,3.2145502536643153,3.7859388972001873
20,White,14.0,8.386497083606091,,,4.949747468305833,4.041451884327378,5.656854249492381,3.5355339059327378,3.055050463303881,0.577350269189634,2.0816659994661486,2.0816659994661215,1.0
21,Black,0.5773502691896258,0.5773502691896257,,,,1.1547005383792515,,,1.0,0.0,1.0,1.7320508075688772,1.1547005383792515
21,Blue,3.5118845842842448,1.7320508075688772,,,,1.5275252316519452,,,1.1547005383792557,1.5275252316519452,3.0,3.5118845842842537,0.5773502691896216
21,Green,2.081665999466134,0.5773502691896247,,,0.0,3.605551275463989,0.7071067811865476,0.0,1.7320508075688772,1.5275252316519499,2.886751345948133,3.5118845842842465,1.1547005383792495
21,Red,6.350852961085884,4.618802153517004,,,0.7071067811865476,2.081665999466135,2.1213203435596424,2.1213203435596424,1.7320508075688772,2.0,2.0816659994661384,3.5118845842842537,1.0
21,White,13.650396819628842,4.041451884327373,,,1.4142135623730951,1.154700538379268,3.5355339059327378,4.949747468305833,4.163331998932277,7.637626158259721,3.0550504633038904,4.509249752822895,0.577350269189634
22,Black,1.0,0.0,,,,1.0,,,0.5773502691896257,0.5773502691896257,0.0,1.1547005383792517,0.5773502691896257
22,Blue,4.725815626252606,4.58257569495584,,,,4.358898943540674,,,1.7320508075688772,4.509249752822901,2.6457513110645907,1.5275252316519452,1.7320508075688772
22,Green,1.0,4.725815626252606,,,1.4142135623730951,2.6457513110645907,4.242640687119285,2.8284271247461903,1.1547005383792495,1.7320508075688772,3.0550504633038926,2.0,2.0816659994661317
22,Red,2.516611478423585,2.0,,,1.4142135623730951,5.131601439446892,2.8284271247461903,5.656854249492381,1.5275252316519545,2.0,0.5773502691896216,5.686240703077319,2.081665999466135
22,White,11.372481406154648,5.507570547286095,,,4.242640687119285,1.5275252316519312,7.0710678118654755,0.7071067811865476,2.0,0.577350269189634,3.5118845842842314,4.358898943540674,3.0
23,Black,0.0,1.0,,,,0.5773502691896257,,,0.5773502691896258,1.0,0.5773502691896257,1.0,1.0
23,Blue,2.886751345948127,4.58257569495584,,,,5.5677643628300215,,,2.5166114784235822,2.0816659994661384,3.605551275463989,1.0,0.5773502691896216
23,Green,1.1547005383792495,1.7320508075688772,,,0.7071067811865476,2.0816659994661366,1.4142135623730951,0.0,2.6457513110645907,2.08166599946613,2.6457513110645907,2.08166599946613,2.886751345948127
23,Red,4.358898943540674,4.618802153517004,,,0.0,1.1547005383792557,2.8284271247461903,2.8284271247461903,1.5275252316519545,1.7320508075688772,2.5166114784235907,2.5166114784235907,1.5275252316519405
23,White,18.90326250501044,4.725815626252601,,,1.4142135623730951,1.154700538379268,11.313708498984761,1.4142135623730951,2.8867513459481207,5.131601439446868,5.0332229568471645,6.027713773341723,3.214550253664302
24,Black,1.1547005383792517,0.5773502691896257,,,,0.0,,,0.5773502691896258,0.0,0.0,0.5773502691896257,1.5275252316519468
24,Blue,3.511884584284246,1.5275252316519428,,,,0.5773502691896216,,,1.5275252316519452,4.0414518843273886,2.0816659994661384,3.0550504633038855,1.1547005383792557
24,Green,2.0,4.725815626252606,,,4.242640687119285,1.5275252316519499,8.48528137423857,1.4142135623730951,4.509249752822894,0.0,1.5275252316519474,1.0,0.0
24,Red,6.0,2.6457513110645907,,,4.242640687119285,6.0277137733417145,2.8284271247461903,1.4142135623730951,2.6457513110645907,1.0,4.0414518843273814,1.0,2.309401076758499
24,White,14.364307617610168,9.073771725877458,,,6.363961030678928,3.5118845842842474,6.363961030678928,4.949747468305833,2.6457513110645907,2.0816659994661215,6.658328118479377,3.605551275463989,4.0
25,Black,0.5773502691896257,0.5773502691896257,,,,0.5773502691896258,,,1.5275252316519465,1.1547005383792517,0.5773502691896257,1.0,1.0
25,Blue,5.0332229568471645,1.5275252316519428,,,,1.5275252316519405,,,1.1547005383792557,5.0,3.055050463303895,2.309401076758499,6.082762530298219
25,Green,2.6457513110645907,2.081665999466131,,,0.0,2.0,0.7071067811865476,1.4142135623730951,0.5773502691896216,3.21455025366432,4.041451884327377,1.0,3.605551275463989
25,Red,1.5275252316519452,2.516611478423585,,,4.949747468305833,3.0,0.7071067811865476,0.0,2.6457513110645907,1.5275252316519452,2.309401076758499,2.0,3.214550253664313
25,White,15.588457268119896,6.110100926607794,,,5.656854249492381,4.358898943540674,7.0710678118654755,3.5355339059327378,2.6457513110645907,2.081665999466128,1.1547005383792432,1.7320508075688772,2.0
26,Black,0.5773502691896258,0.5773502691896257,,,,0.0,,,0.0,1.0,1.0,1.0,1.0
26,Blue,0.0,2.0,,,,2.6457513110645907,,,0.5773502691896216,2.6457513110645907,0.577350269189634,1.1547005383792557,0.5773502691896216
26,Green,1.7320508075688772,3.4641016151377544,,,5.656854249492381,4.358898943540674,0.7071067811865476,4.242640687119285,3.5118845842842425,5.1316014394468805,2.0816659994661317,1.0,1.1547005383792495
26,Red,5.291502622129181,2.0,,,2.8284271247461903,1.1547005383792432,3.5355339059327378,6.363961030678928,1.1547005383792557,1.7320508075688772,1.5275252316519405,5.291502622129181,2.0
26,White,14.843629385474886,5.196152422706632,,,1.4142135623730951,1.5275252316519499,10.606601717798213,0.7071067811865476,1.5275252316519312,1.5275252316519312,5.0,3.605551275463989,3.5118845842842474
27,Black,1.0,0.5773502691896257,,,,0.5773502691896257,,,1.0,0.5773502691896257,0.5773502691896257,0.5773502691896258,1.0
27,Blue,3.0550504633038935,4.9328828623162435,,,,3.0,,,1.0,2.0816659994661384,5.5677643628300215,5.291502622129181,0.577350269189634
27,Green,0.5773502691896247,3.2145502536643176,,,0.7071067811865476,1.5275252316519428,0.0,0.7071067811865476,4.0,0.5773502691896216,2.08166599946613,0.5773502691896216,1.5275252316519499
27,Red,4.358898943540674,2.6457513110645907,,,0.0,0.5773502691896216,2.8284271247461903,3.5355339059327378,2.6457513110645907,2.5166114784235765,2.0,1.5275252316519545,4.61880215351701
27,White,20.98412098071618,2.081665999466135,,,2.8284271247461903,6.3508529610858755,2.8284271247461903,0.7071067811865476,5.507570547286118,2.6457513110645907,3.214550253664302,4.932882862316231,3.055050463303881
28,Black,0.0,0.5773502691896257,,,,0.5773502691896257,,,1.1547005383792517,1.7320508075688772,0.5773502691896257,0.0,0.0
28,Blue,4.509249752822896,2.6457513110645907,,,,2.6457513110645907,,,1.1547005383792557,4.58257569495584,4.58257569495584,1.7320508075688772,1.0
28,Green,3.605551275463989,2.0816659994661335,,,1.4142135623730951,3.0,0.7071067811865476,0.7071067811865476,1.7320508075688772,3.605551275463989,3.7859388972001864,2.0,3.214550253664321
28,Red,4.0,3.2145502536643202,,,0.7071067811865476,4.358898943540674,0.0,4.949747468305833,5.196152422706632,1.5275252316519405,3.0550504633038855,1.1547005383792432,2.5166114784235765
28,White,16.62327685305557,2.5166114784235822,,,4.242640687119285,5.131601439446868,2.1213203435596424,3.5355339059327378,4.0414518843273886,1.1547005383792432,6.3508529610858995,7.0,2.081665999466128
29,Black,0.7071067811865476,0.0,,,,0.5773502691896257,,,1.1547005383792517,0.0,0.5773502691896258,0.5773502691896257,1.5275252316519465
29,Blue,3.0,2.6457513110645907,,,,3.5118845842842394,,,2.6457513110645907,2.6457513110645907,2.6457513110645907,4.509249752822893,4.041451884327373
29,Green,2.0,1.5275252316519485,,,1.4142135623730951,1.1547005383792495,2.8284271247461903,1.4142135623730951,3.21455025366432,1.5275252316519499,1.5275252316519428,2.5166114784235836,2.0
29,Red,5.131601439446886,1.7320508075688772,,,2.8284271247461903,4.041451884327376,0.0,4.949747468305833,3.0,1.1547005383792557,3.2145502536643265,3.0550504633038997,1.1547005383792557
29,White,15.373136743466937,2.0816659994661246,,,3.5355339059327378,2.3094010767584865,2.1213203435596424,8.48528137423857,2.0,6.082762530298219,3.605551275463989,4.725815626252625,1.1547005383792432
30,Black,,,,,,,,,,,,,
30,Blue,,,,,,,,,,,,,
30,Green,,,,,1.4142135623730951,,1.4142135623730951,0.0,,,,,
30,Red,,,,,2.8284271247461903,,5.656854249492381,2.1213203435596424,,,,,
30,White,,,,,4.949747468305833,,0.0,2.8284271247461903,,,,,
31,Black,,,,,,,,,,,,,
31,Blue,,,,,,,,,,,,,
31,Green,,,,,1.4142135623730951,,0.0,0.7071067811865476,,,,,
31,Red,,,,,2.1213203435596424,,4.242640687119285,3.5355339059327378,,,,,
31,White,,,,,3.5355339059327378,,6.363961030678928,4.242640687119285,,,,,
32,Black,,,,,,,,,,,,,
32,Blue,,,,,,,,,,,,,
32,Green,,,,,4.242640687119285,,0.7071067811865476,0.7071067811865476,,,,,
32,Red,,,,,2.1213203435596424,,1.4142135623730951,4.242640687119285,,,,,
32,White,,,,,9.899494936611665,,0.0,3.5355339059327378,,,,,
33,Black,,,,,,,,,,,,,
33,Blue,,,,,,,,,,,,,
33,Green,,,,,0.7071067811865476,,2.1213203435596424,1.4142135623730951,,,,,
33,Red,,,,,5.656854249492381,,5.656854249492381,0.0,,,,,
33,White,,,,,3.5355339059327378,,8.48528137423857,0.0,,,,,
34,Black,,,,,,,,,,,,,
34,Blue,,,,,,,,,,,,,
34,Green,,,,,0.0,,3.5355339059327378,3.5355339059327378,,,,,
34,Red,,,,,0.7071067811865476,,4.949747468305833,2.8284271247461903,,,,,
34,White,,,,,5.656854249492381,,4.949747468305833,5.656854249492381,,,,,
35,Black,,,,,,,,,,,,,
35,Blue,,,,,,,,,,,,,
35,Green,,,,,0.7071067811865476,,1.4142135623730951,2.1213203435596424,,,,,
35,Red,,,,,2.8284271247461903,,1.4142135623730951,2.8284271247461903,,,,,
35,White,,,,,3.5355339059327378,,9.899494936611665,0.7071067811865476,,,,,
36,Black,,,,,,,,,,,,,
36,Blue,,,,,,,,,,,,,
36,Green,,,,,0.7071067811865476,,0.0,3.5355339059327378,,,,,
36,Red,,,,,1.4142135623730951,,2.1213203435596424,2.1213203435596424,,,,,
36,White,,,,,0.7071067811865476,,0.0,6.363961030678928,,,,,
37,Black,,,,,,,,,,,,,
37,Blue,,,,,,,,,,,,,
37,Green,,,,,3.5355339059327378,,6.363961030678928,0.7071067811865476,,,,,
37,Red,,,,,4.949747468305833,,6.363961030678928,1.4142135623730951,,,,,
37,White,,,,,0.7071067811865476,,7.7781745930520225,2.1213203435596424,,,,,
38,Black,,,,,,,,,,,,,
38,Blue,,,,,,,,,,,,,
38,Green,,,,,0.0,,2.8284271247461903,0.7071067811865476,,,,,
38,Red,,,,,1.4142135623730951,,5.656854249492381,1.4142135623730951,,,,,
38,White,,,,,6.363961030678928,,4.949747468305833,0.7071067811865476,,,,,
39,Black,,,,,,,,,,,,,
39,Blue,,,,,,,,,,,,,
39,Green,,,,,0.7071067811865476,,2.8284271247461903,2.8284271247461903,,,,,
39,Red,,,,,6.363961030678928,,2.1213203435596424,0.7071067811865476,,,,,
39,White,,,,,0.7071067811865476,,4.949747468305833,0.7071067811865476,,,,,
40,Black,,,,,,,,,,,,,
40,Blue,,,,,,,,,,,,,
40,Green,,,,,2.8284271247461903,,3.5355339059327378,2.8284271247461903,,,,,
40,Red,,,,,0.7071067811865476,,4.949747468305833,0.7071067811865476,,,,,
40,White,,,,,0.7071067811865476,,5.656854249492381,2.1213203435596424,,,,,
41,Black,,,,,,,,,,,,,
41,Blue,,,,,,,,,,,,,
41,Green,,,,,2.1213203435596424,,2.1213203435596424,3.5355339059327378,,,,,
41,Red,,,,,2.1213203435596424,,0.7071067811865476,0.7071067811865476,,,,,
41,White,,,,,2.1213203435596424,,10.606601717798213,2.8284271247461903,,,,,
42,Black,,,,,,,,,,,,,
42,Blue,,,,,,,,,,,,,
42,Green,,,,,1.4142135623730951,,2.1213203435596424,1.4142135623730951,,,,,
42,Red,,,,,4.242640687119285,,3.5355339059327378,5.656854249492381,,,,,
42,White,,,,,4.949747468305833,,4.949747468305833,3.5355339059327378,,,,,
43,Black,,,,,,,,,,,,,
43,Blue,,,,,,,,,,,,,
43,Green,,,,,2.1213203435596424,,4.949747468305833,2.1213203435596424,,,,,
43,Red,,,,,2.8284271247461903,,2.8284271247461903,5.656854249492381,,,,,
43,White,,,,,4.949747468305833,,6.363961030678928,4.242640687119285,,,,,
44,Black,,,,,,,,,,,,,
44,Blue,,,,,,,,,,,,,
44,Green,,,,,2.8284271247461903,,4.242640687119285,2.8284271247461903,,,,,
44,Red,,,,,2.8284271247461903,,2.8284271247461903,1.4142135623730951,,,,,
44,White,,,,,1.4142135623730951,,4.949747468305833,4.242640687119285,,,,,
45,Black,,,,,,,,,,,,,
45,Blue,,,,,,,,,,,,,
45,Green,,,,,6.363961030678928,,3.5355339059327378,1.4142135623730951,,,,,
45,Red,,,,,0.7071067811865476,,2.8284271247461903,0.0,,,,,
45,White,,,,,2.8284271247461903,,5.656854249492381,2.1213203435596424,,,,,
46,Black,,,,,,,,,,,,,
46,Blue,,,,,,,,,,,,,
46,Green,,,,,2.8284271247461903,,0.0,8.48528137423857,,,,,
46,Red,,,,,1.4142135623730951,,0.0,0.0,,,,,
46,White,,,,,1.4142135623730951,,2.1213203435596424,0.0,,,,,
47,Black,,,,,,,,,,,,,
47,Blue,,,,,,,,,,,,,
47,Green,,,,,1.4142135623730951,,0.7071067811865476,1.4142135623730951,,,,,
47,Red,,,,,4.949747468305833,,0.7071067811865476,4.949747468305833,,,,,
47,White,,,,,3.5355339059327378,,2.1213203435596424,0.7071067811865476,,,,,
48,Black,,,,,,,,,,,,,
48,Blue,,,,,,,,,,,,,
48,Green,,,,,0.7071067811865476,,4.949747468305833,2.1213203435596424,,,,,
48,Red,,,,,2.1213203435596424,,4.949747468305833,0.0,,,,,
48,White,,,,,3.5355339059327378,,4.242640687119285,2.1213203435596424,,,,,
49,Black,,,,,,,,,,,,,
49,Blue,,,,,,,,,,,,,
49,Green,,,,,2.1213203435596424,,2.8284271247461903,2.8284271247461903,,,,,
49,Red,,,,,6.363961030678928,,1.4142135623730951,0.7071067811865476,,,,,
49,White,,,,,0.0,,3.5355339059327378,9.899494936611665,,,,,
50,Black,,,,,,,,,,,,,
50,Blue,,,,,,,,,,,,,
50,Green,,,,,0.7071067811865476,,2.8284271247461903,1.4142135623730951,,,,,
50,Red,,,,,2.8284271247461903,,0.7071067811865476,3.5355339059327378,,,,,
50,White,,,,,2.8284271247461903,,2.8284271247461903,4.949747468305833,,,,,
51,Black,,,,,,,,,,,,,
51,Blue,,,,,,,,,,,,,
51,Green,,,,,4.242640687119285,,2.1213203435596424,4.242640687119285,,,,,
51,Red,,,,,6.363961030678928,,3.5355339059327378,5.656854249492381,,,,,
51,White,,,,,2.8284271247461903,,11.313708498984761,0.7071067811865476,,,,,
52,Black,,,,,,,,,,,,,
52,Blue,,,,,,,,,,,,,
52,Green,,,,,0.7071067811865476,,1.4142135623730951,1.4142135623730951,,,,,
52,Red,,,,,4.242640687119285,,0.7071067811865476,2.1213203435596424,,,,,
52,White,,,,,3.5355339059327378,,2.1213203435596424,1.4142135623730951,,,,,
53,Black,,,,,,,,,,,,,
53,Blue,,,,,,,,,,,,,
53,Green,,,,,2.1213203435596424,,1.4142135623730951,0.7071067811865476,,,,,
53,Red,,,,,2.8284271247461903,,1.4142135623730951,1.4142135623730951,,,,,
53,White,,,,,6.363961030678928,,0.0,2.8284271247461903,,,,,
54,Black,,,,,,,,,,,,,
54,Blue,,,,,,,,,,,,,
54,Green,,,,,2.8284271247461903,,0.7071067811865476,4.242640687119285,,,,,
54,Red,,,,,0.7071067811865476,,1.4142135623730951,5.656854249492381,,,,,
54,White,,,,,2.1213203435596424,,0.0,6.363961030678928,,,,,
55,Black,,,,,,,,,,,,,
55,Blue,,,,,,,,,,,,,
55,Green,,,,,3.5355339059327378,,3.5355339059327378,2.8284271247461903,,,,,
55,Red,,,,,2.8284271247461903,,2.8284271247461903,7.0710678118654755,,,,,
55,White,,,,,1.4142135623730951,,9.192388155425117,1.4142135623730951,,,,,
56,Black,,,,,,,,,,,,,
56,Blue,,,,,,,,,,,,,
56,Green,,,,,4.949747468305833,,3.5355339059327378,2.8284271247461903,,,,,
56,Red,,,,,1.4142135623730951,,4.242640687119285,1.4142135623730951,,,,,
56,White,,,,,5.656854249492381,,0.7071067811865476,4.242640687119285,,,,,
57,Black,,,,,,,,,,,,,
57,Blue,,,,,,,,,,,,,
57,Green,,,,,0.7071067811865476,,1.4142135623730951,3.5355339059327378,,,,,
57,Red,,,,,2.1213203435596424,,4.949747468305833,1.4142135623730951,,,,,
57,White,,,,,0.7071067811865476,,6.363961030678928,2.1213203435596424,,,,,
58,Black,,,,,,,,,,,,,
58,Blue,,,,,,,,,,,,,
58,Green,,,,,4.949747468305833,,0.0,5.656854249492381,,,,,
58,Red,,,,,5.656854249492381,,2.8284271247461903,9.192388155425117,,,,,
58,White,,,,,2.1213203435596424,,,1.4142135623730951,,,,,
59,Blue,,,,,,,,,,,,,
59,White,,,,,,,,,,,,,
