No.,Order,Color,Value
No.,Order,Color,Value
1,1,White,4
2,2,White,830
3,3,White,822
4,4,White,832
5,5,White,832
6,6,White,823
7,7,White,833
8,8,White,826
9,9,White,828
10,10,White,831
11,11,White,818
12,12,White,834
13,13,White,829
14,14,White,831
15,1,Red,832
16,2,Red,343
17,3,Red,343
18,4,Red,343
19,5,Red,336
20,6,Red,343
21,7,Red,343
22,8,Red,345
23,9,Red,346
24,10,Red,348
25,11,Red,345
26,12,Red,341
27,13,Red,347
28,14,Red,339
29,15,Red,342
30,1,Green,338
31,2,Green,197
32,3,Green,198
33,4,Green,195
34,5,Green,197
35,6,Green,202
36,7,Green,198
37,8,Green,199
38,9,Green,199
39,10,Green,201
40,11,Green,201
41,12,Green,201
42,13,Green,201
43,14,Green,202
44,15,Green,197
45,1,Blue,202
46,2,Blue,336
47,3,Blue,335
48,4,Blue,337
49,5,Blue,337
50,6,Blue,337
51,7,Blue,337
52,8,Blue,333
53,9,Blue,331
54,10,Blue,337
55,11,Blue,332
56,12,Blue,336
57,13,Blue,334
58,14,Blue,331
59,1,Black,335
60,2,Black,6
61,3,Black,7
62,4,Black,5
63,5,Black,5
64,6,Black,5
65,7,Black,6
66,8,Black,5
67,9,Black,6
68,10,Black,6
69,11,Black,7
70,12,Black,5
71,13,Black,8
72,14,Black,7
73,15,Black,5
74,0,Black,5
75,0,Black,6
76,0,Black,6
77,0,Black,6
78,0,Black,4
79,0,Black,5
80,0,Black,6
81,0,Black,6
82,0,Black,5
83,0,Black,7
84,0,Black,7
85,0,Black,6
86,0,Black,6
87,0,Black,5
88,0,Black,7
89,1,White,5
90,2,White,825
91,3,White,827
92,4,White,826
93,5,White,819
94,6,White,826
95,7,White,823
96,8,White,832
97,9,White,821
98,10,White,822
99,11,White,823
100,12,White,827
101,13,White,820
102,14,White,828
103,1,Red,821
104,2,Red,341
105,3,Red,342
106,4,Red,341
107,5,Red,339
108,6,Red,346
109,7,Red,336
110,8,Red,343
111,9,Red,340
112,10,Red,341
113,11,Red,344
114,12,Red,338
115,13,Red,341
116,14,Red,343
117,15,Red,343
118,1,Green,335
119,2,Green,196
120,3,Green,195
121,4,Green,196
122,5,Green,200
123,6,Green,200
124,7,Green,196
125,8,Green,199
126,9,Green,198
127,10,Green,197
128,11,Green,200
129,12,Green,196
130,13,Green,198
131,14,Green,198
132,15,Green,199
133,1,Blue,196
134,2,Blue,326
135,3,Blue,332
136,4,Blue,338
137,5,Blue,335
138,6,Blue,333
139,7,Blue,328
140,8,Blue,335
141,9,Blue,337
142,10,Blue,334
143,11,Blue,330
144,12,Blue,335
145,13,Blue,334
146,14,Blue,332
147,1,Black,335
148,2,Black,6
149,3,Black,7
150,4,Black,6
151,5,Black,5
152,6,Black,5
153,7,Black,6
154,8,Black,7
155,9,Black,5
156,10,Black,5
157,11,Black,5
158,12,Black,5
159,13,Black,5
160,14,Black,5
161,15,Black,4
162,0,Black,6
163,0,Black,5
164,0,Black,6
165,0,Black,6
166,0,Black,5
167,0,Black,5
168,0,Black,6
169,0,Black,6
170,0,Black,5
171,0,Black,6
172,0,Black,8
173,0,Black,7
174,0,Black,6
175,0,Black,6
176,0,Black,8
177,1,White,7
178,2,White,825
179,3,White,818
180,4,White,821
181,5,White,822
182,6,White,823
183,7,White,827
184,8,White,814
185,9,White,823
186,10,White,820
187,11,White,822
188,12,White,823
189,13,White,815
190,14,White,824
191,1,Red,827
192,2,Red,342
193,3,Red,336
194,4,Red,333
195,5,Red,337
196,6,Red,343
197,7,Red,344
198,8,Red,342
199,9,Red,346
200,10,Red,334
201,11,Red,337
202,12,Red,339
203,13,Red,340
204,14,Red,339
205,15,Red,339
206,1,Green,343
207,2,Green,197
208,3,Green,197
209,4,Green,194
210,5,Green,198
211,6,Green,202
212,7,Green,195
213,8,Green,197
214,9,Green,200
215,10,Green,196
216,11,Green,197
217,12,Green,195
218,13,Green,196
219,14,Green,197
220,15,Green,200
221,1,Blue,194
222,2,Blue,335
223,3,Blue,335
224,4,Blue,330
225,5,Blue,337
226,6,Blue,329
227,7,Blue,331
228,8,Blue,335
229,9,Blue,333
230,10,Blue,332
231,11,Blue,338
232,12,Blue,336
233,13,Blue,334
234,14,Blue,330
235,15,Blue,328
236,1,Black,329
237,2,Black,7
238,3,Black,6
239,4,Black,7
240,5,Black,5
241,6,Black,6
242,7,Black,5
243,8,Black,5
244,9,Black,6
245,10,Black,8
246,11,Black,8
247,12,Black,6
248,13,Black,7
249,14,Black,8
250,0,Black,6
251,0,Black,6
252,0,Black,6
253,0,Black,7
254,0,Black,6
255,0,Black,6
256,0,Black,6
257,0,Black,6
258,0,Black,8
259,0,Black,6
260,0,Black,5
261,0,Black,7
262,0,Black,7
263,0,Black,8
264,0,Black,8
265,1,White,8
266,2,White,824
267,3,White,821
268,4,White,818
269,5,White,828
270,6,White,821
271,7,White,828
272,8,White,821
273,9,White,817
274,10,White,822
275,11,White,823
276,12,White,820
277,13,White,821
278,14,White,821
279,15,White,831
280,1,Red,823
281,2,Red,342
282,3,Red,334
283,4,Red,345
284,5,Red,346
285,6,Red,340
286,7,Red,344
287,8,Red,336
288,9,Red,344
289,10,Red,339
290,11,Red,337
291,12,Red,338
292,13,Red,339
293,14,Red,341
294,1,Green,343
295,2,Green,195
296,3,Green,195
297,4,Green,198
298,5,Green,204
299,6,Green,198
300,7,Green,203
301,8,Green,197
302,9,Green,199
303,10,Green,198
304,11,Green,198
305,12,Green,192
306,13,Green,201
307,14,Green,198
308,15,Green,196
309,1,Blue,199
310,2,Blue,327
311,3,Blue,332
312,4,Blue,336
313,5,Blue,331
314,6,Blue,330
315,7,Blue,335
316,8,Blue,333
317,9,Blue,334
318,10,Blue,337
319,11,Blue,335
320,12,Blue,333
321,13,Blue,331
322,14,Blue,339
323,15,Blue,339
324,1,Black,332
325,2,Black,9
326,3,Black,8
327,4,Black,7
328,5,Black,8
329,6,Black,6
330,7,Black,8
331,8,Black,7
332,9,Black,7
333,10,Black,6
334,11,Black,5
335,12,Black,6
336,13,Black,7
337,14,Black,5
338,0,Black,5
339,0,Black,5
340,0,Black,7
341,0,Black,6
342,0,Black,4
343,0,Black,5
344,0,Black,6
345,0,Black,7
346,0,Black,7
347,0,Black,6
348,0,Black,8
349,0,Black,7
350,0,Black,6
351,0,Black,6
352,0,Black,5
353,1,White,5
354,2,White,827
355,3,White,825
356,4,White,816
357,5,White,825
358,6,White,826
359,7,White,817
360,8,White,823
361,9,White,825
362,10,White,829
363,11,White,820
364,12,White,815
365,13,White,820
366,14,White,826
367,15,White,824
368,1,Red,817
369,2,Red,339
370,3,Red,344
371,4,Red,344
372,5,Red,338
373,6,Red,343
374,7,Red,345
375,8,Red,338
376,9,Red,344
377,10,Red,338
378,11,Red,338
379,12,Red,340
380,13,Red,334
381,14,Red,344
382,1,Green,342
383,2,Green,196
384,3,Green,199
385,4,Green,196
386,5,Green,198
387,6,Green,198
388,7,Green,202
389,8,Green,197
390,9,Green,196
391,10,Green,198
392,11,Green,195
393,12,Green,197
394,13,Green,197
395,14,Green,194
396,15,Green,199
397,1,Blue,201
398,2,Blue,330
399,3,Blue,331
400,4,Blue,336
401,5,Blue,336
402,6,Blue,331
403,7,Blue,330
404,8,Blue,331
405,9,Blue,332
406,10,Blue,332
407,11,Blue,331
408,12,Blue,334
409,13,Blue,330
410,14,Blue,333
411,15,Blue,334
412,1,Black,330
413,2,Black,4
414,3,Black,6
415,4,Black,7
416,5,Black,8
417,6,Black,6
418,7,Black,5
419,8,Black,6
420,9,Black,6
421,10,Black,6
422,11,Black,5
423,12,Black,6
424,13,Black,6
425,14,Black,6
426,0,Black,5
427,0,Black,7
428,0,Black,7
429,0,Black,6
430,0,Black,5
431,0,Black,7
432,0,Black,5
433,0,Black,5
434,0,Black,6
435,0,Black,7
436,0,Black,7
437,0,Black,7
438,0,Black,8
439,0,Black,6
440,0,Black,5
441,1,White,6
442,2,White,826
443,3,White,821
444,4,White,819
445,5,White,818
446,6,White,822
447,7,White,821
448,8,White,817
449,9,White,823
450,10,White,827
451,11,White,818
452,12,White,822
453,13,White,821
454,14,White,821
455,15,White,818
456,1,Red,821
457,2,Red,341
458,3,Red,335
459,4,Red,339
460,5,Red,336
461,6,Red,340
462,7,Red,338
463,8,Red,345
464,9,Red,345
465,10,Red,340
466,11,Red,343
467,12,Red,334
468,13,Red,338
469,14,Red,339
470,15,Red,341
471,1,Green,335
472,2,Green,197
473,3,Green,193
474,4,Green,198
475,5,Green,194
476,6,Green,199
477,7,Green,195
478,8,Green,194
479,9,Green,197
480,10,Green,197
481,11,Green,200
482,12,Green,197
483,13,Green,196
484,14,Green,198
485,1,Blue,200
486,2,Blue,332
487,3,Blue,332
488,4,Blue,327
489,5,Blue,333
490,6,Blue,337
491,7,Blue,331
492,8,Blue,336
493,9,Blue,333
494,10,Blue,336
495,11,Blue,334
496,12,Blue,329
497,13,Blue,337
498,14,Blue,332
499,15,Blue,325
500,1,Black,330
501,2,Black,6
502,3,Black,6
503,4,Black,5
504,5,Black,5
505,6,Black,7
506,7,Black,7
507,8,Black,8
508,9,Black,6
509,10,Black,8
510,11,Black,7
511,12,Black,8
512,13,Black,5
513,14,Black,5
514,15,Black,5
515,0,Black,6
516,0,Black,5
517,0,Black,7
518,0,Black,7
519,0,Black,7
520,0,Black,7
521,0,Black,7
522,0,Black,8
523,0,Black,7
524,0,Black,7
525,0,Black,6
526,0,Black,8
527,0,Black,7
528,0,Black,7
529,1,White,7
530,2,White,820
531,3,White,824
532,4,White,822
533,5,White,817
534,6,White,811
535,7,White,824
536,8,White,824
537,9,White,825
538,10,White,820
539,11,White,825
540,12,White,822
541,13,White,820
542,14,White,825
543,15,White,816
544,1,Red,825
545,2,Red,340
546,3,Red,346
547,4,Red,340
548,5,Red,335
549,6,Red,341
550,7,Red,342
551,8,Red,343
552,9,Red,344
553,10,Red,336
554,11,Red,339
555,12,Red,340
556,13,Red,341
557,14,Red,341
558,15,Red,343
559,1,Green,341
560,2,Green,201
561,3,Green,196
562,4,Green,201
563,5,Green,199
564,6,Green,196
565,7,Green,197
566,8,Green,194
567,9,Green,200
568,10,Green,199
569,11,Green,204
570,12,Green,194
571,13,Green,196
572,14,Green,197
573,1,Blue,197
574,2,Blue,332
575,3,Blue,331
576,4,Blue,328
577,5,Blue,334
578,6,Blue,332
579,7,Blue,329
580,8,Blue,331
581,9,Blue,330
582,10,Blue,331
583,11,Blue,331
584,12,Blue,335
585,13,Blue,332
586,14,Blue,335
587,15,Blue,331
588,1,Black,330
589,2,Black,6
590,3,Black,6
591,4,Black,6
592,5,Black,5
593,6,Black,5
594,7,Black,8
595,8,Black,8
596,9,Black,6
597,10,Black,7
598,11,Black,6
599,12,Black,6
600,13,Black,7
601,14,Black,8
602,15,Black,7
603,0,Black,6
604,0,Black,7
605,0,Black,7
606,0,Black,7
607,0,Black,7
608,0,Black,9
609,0,Black,8
610,0,Black,6
611,0,Black,5
612,0,Black,6
613,0,Black,7
614,0,Black,6
615,0,Black,7
616,0,Black,8
617,1,White,7
618,2,White,818
619,3,White,823
620,4,White,822
621,5,White,818
622,6,White,823
623,7,White,822
624,8,White,822
625,9,White,818
626,10,White,820
627,11,White,828
628,12,White,822
629,13,White,825
630,14,White,818
631,15,White,822
632,1,Red,824
633,2,Red,338
634,3,Red,337
635,4,Red,341
636,5,Red,340
637,6,Red,342
638,7,Red,344
639,8,Red,339
640,9,Red,343
641,10,Red,345
642,11,Red,344
643,12,Red,338
644,13,Red,339
645,14,Red,337
646,15,Red,337
647,1,Green,342
648,2,Green,197
649,3,Green,200
650,4,Green,200
651,5,Green,197
652,6,Green,196
653,7,Green,194
654,8,Green,198
655,9,Green,194
656,10,Green,202
657,11,Green,196
658,12,Green,194
659,13,Green,200
660,14,Green,196
661,1,Blue,196
662,2,Blue,335
663,3,Blue,334
664,4,Blue,325
665,5,Blue,332
666,6,Blue,333
667,7,Blue,332
668,8,Blue,333
669,9,Blue,331
670,10,Blue,335
671,11,Blue,330
672,12,Blue,336
673,13,Blue,336
674,14,Blue,332
675,15,Blue,330
676,1,Black,336
677,2,Black,6
678,3,Black,8
679,4,Black,5
680,5,Black,7
681,6,Black,7
682,7,Black,7
683,8,Black,6
684,9,Black,6
685,10,Black,8
686,11,Black,7
687,12,Black,5
688,13,Black,5
689,14,Black,5
690,15,Black,7
691,0,Black,6
692,0,Black,6
693,0,Black,7
694,0,Black,7
695,0,Black,8
696,0,Black,7
697,0,Black,7
698,0,Black,7
699,0,Black,7
700,0,Black,7
701,0,Black,7
702,0,Black,6
703,0,Black,8
704,0,Black,6
705,0,Black,6
706,1,White,6
707,2,White,827
708,3,White,825
709,4,White,822
710,5,White,820
711,6,White,820
712,7,White,815
713,8,White,824
714,9,White,820
715,10,White,822
716,11,White,821
717,12,White,812
718,13,White,822
719,14,White,824
720,1,Red,818
721,2,Red,338
722,3,Red,340
723,4,Red,338
724,5,Red,339
725,6,Red,339
726,7,Red,339
727,8,Red,339
728,9,Red,339
729,10,Red,339
730,11,Red,340
731,12,Red,340
732,13,Red,345
733,14,Red,340
734,15,Red,338
735,1,Green,341
736,2,Green,202
737,3,Green,198
738,4,Green,199
739,5,Green,200
740,6,Green,198
741,7,Green,203
742,8,Green,199
743,9,Green,196
744,10,Green,200
745,11,Green,197
746,12,Green,196
747,13,Green,199
748,14,Green,202
749,15,Green,201
750,1,Blue,198
751,2,Blue,333
752,3,Blue,337
753,4,Blue,337
754,5,Blue,331
755,6,Blue,331
756,7,Blue,327
757,8,Blue,335
758,9,Blue,333
759,10,Blue,332
760,11,Blue,333
761,12,Blue,333
762,13,Blue,332
763,14,Blue,335
764,1,Black,331
765,2,Black,7
766,3,Black,7
767,4,Black,7
768,5,Black,7
769,6,Black,7
770,7,Black,5
771,8,Black,7
772,9,Black,7
773,10,Black,8
774,11,Black,8
775,12,Black,8
776,13,Black,6
777,14,Black,5
778,15,Black,8
779,0,Black,7
780,0,Black,6
781,0,Black,8
782,0,Black,6
783,0,Black,7
784,0,Black,5
785,0,Black,7
786,0,Black,5
787,0,Black,8
788,0,Black,7
789,0,Black,7
790,0,Black,6
791,0,Black,7
792,0,Black,5
793,0,Black,6
794,1,White,7
795,2,White,819
796,3,White,821
797,4,White,820
798,5,White,826
799,6,White,820
800,7,White,814
801,8,White,820
802,9,White,826
803,10,White,821
804,11,White,822
805,12,White,822
806,13,White,821
807,14,White,821
808,1,Red,822
809,2,Red,341
810,3,Red,341
811,4,Red,344
812,5,Red,340
813,6,Red,344
814,7,Red,334
815,8,Red,336
816,9,Red,340
817,10,Red,339
818,11,Red,339
819,12,Red,343
820,13,Red,339
821,14,Red,341
822,15,Red,336
823,1,Green,339
824,2,Green,196
825,3,Green,204
826,4,Green,196
827,5,Green,198
828,6,Green,202
829,7,Green,196
830,8,Green,195
831,9,Green,197
832,10,Green,196
833,11,Green,197
834,12,Green,200
835,13,Green,196
836,14,Green,203
837,15,Green,196
838,1,Blue,197
839,2,Blue,328
840,3,Blue,332
841,4,Blue,330
842,5,Blue,336
843,6,Blue,336
844,7,Blue,336
845,8,Blue,340
846,9,Blue,335
847,10,Blue,325
848,11,Blue,336
849,12,Blue,334
850,13,Blue,338
851,14,Blue,331
852,1,Black,332
853,2,Black,7
854,3,Black,6
855,4,Black,5
856,5,Black,6
857,6,Black,5
858,7,Black,6
859,8,Black,9
860,9,Black,7
861,10,Black,7
862,11,Black,8
863,12,Black,7
864,13,Black,6
865,14,Black,5
866,15,Black,7
867,0,Black,7
868,0,Black,6
869,0,Black,7
870,0,Black,8
871,0,Black,6
872,0,Black,7
873,0,Black,5
874,0,Black,8
875,0,Black,6
876,0,Black,5
877,0,Black,7
878,0,Black,8
879,0,Black,7
880,0,Black,6
881,0,Black,7
882,1,White,7
883,2,White,819
884,3,White,821
885,4,White,822
886,5,White,826
887,6,White,825
888,7,White,817
889,8,White,824
890,9,White,826
891,10,White,815
892,11,White,817
893,12,White,820
894,13,White,820
895,14,White,826
896,1,Red,821
897,2,Red,341
898,3,Red,336
899,4,Red,338
900,5,Red,338
901,6,Red,342
902,7,Red,347
903,8,Red,340
904,9,Red,342
905,10,Red,344
906,11,Red,340
907,12,Red,341
908,13,Red,341
909,14,Red,341
910,15,Red,339
911,1,Green,341
912,2,Green,197
913,3,Green,199
914,4,Green,200
915,5,Green,194
916,6,Green,202
917,7,Green,191
918,8,Green,198
919,9,Green,195
920,10,Green,198
921,11,Green,197
922,12,Green,201
923,13,Green,194
924,14,Green,197
925,15,Green,201
926,1,Blue,195
927,2,Blue,335
928,3,Blue,323
929,4,Blue,337
930,5,Blue,334
931,6,Blue,327
932,7,Blue,333
933,8,Blue,334
934,9,Blue,332
935,10,Blue,336
936,11,Blue,331
937,12,Blue,330
938,13,Blue,333
939,14,Blue,331
940,1,Black,333
941,2,Black,7
942,3,Black,7
943,4,Black,5
944,5,Black,5
945,6,Black,7
946,7,Black,7
947,8,Black,6
948,9,Black,5
949,10,Black,5
950,11,Black,5
951,12,Black,6
952,13,Black,5
953,14,Black,5
954,15,Black,5
955,0,Black,7
956,0,Black,8
957,0,Black,6
958,0,Black,6
959,0,Black,7
960,0,Black,6
961,0,Black,6
962,0,Black,5
963,0,Black,8
964,0,Black,6
965,0,Black,6
966,0,Black,5
967,0,Black,5
968,0,Black,5
969,0,Black,6
970,1,White,6
971,2,White,818
972,3,White,814
973,4,White,822
974,5,White,821
975,6,White,825
976,7,White,820
977,8,White,823
978,9,White,820
979,10,White,820
980,11,White,825
981,12,White,820
982,13,White,827
983,14,White,827
984,15,White,812
985,1,Red,822
986,2,Red,337
987,3,Red,340
988,4,Red,343
989,5,Red,341
990,6,Red,336
991,7,Red,339
992,8,Red,341
993,9,Red,338
994,10,Red,341
995,11,Red,339
996,12,Red,346
997,13,Red,345
998,14,Red,341
999,1,Green,344
1000,2,Green,197
1001,3,Green,200
1002,4,Green,196
1003,5,Green,197
1004,6,Green,197
1005,7,Green,195
1006,8,Green,198
1007,9,Green,196
1008,10,Green,201
1009,11,Green,197
1010,12,Green,198
1011,13,Green,204
1012,14,Green,200
1013,15,Green,201
1014,1,Blue,200
1015,2,Blue,328
1016,3,Blue,332
1017,4,Blue,332
1018,5,Blue,334
1019,6,Blue,333
1020,7,Blue,338
1021,8,Blue,333
1022,9,Blue,331
1023,10,Blue,336
1024,11,Blue,330
1025,12,Blue,337
1026,13,Blue,332
1027,14,Blue,330
1028,15,Blue,334
1029,1,Black,331
1030,2,Black,7
1031,3,Black,7
1032,4,Black,6
1033,5,Black,5
1034,6,Black,6
1035,7,Black,6
1036,8,Black,6
1037,9,Black,6
1038,10,Black,7
1039,11,Black,7
1040,12,Black,7
1041,13,Black,7
1042,14,Black,6
1043,0,Black,5
1044,0,Black,5
1045,0,Black,7
1046,0,Black,6
1047,0,Black,6
1048,0,Black,7
1049,0,Black,6
1050,0,Black,6
1051,0,Black,6
1052,0,Black,7
1053,0,Black,5
1054,0,Black,6
1055,0,Black,6
1056,0,Black,6
1057,0,Black,5
1058,1,White,7
1059,2,White,824
1060,3,White,819
1061,4,White,819
1062,5,White,822
1063,6,White,821
1064,7,White,824
1065,8,White,820
1066,9,White,819
1067,10,White,820
1068,11,White,817
1069,12,White,824
1070,13,White,826
1071,14,White,825
1072,15,White,824
1073,1,Red,812
1074,2,Red,337
1075,3,Red,339
1076,4,Red,339
1077,5,Red,339
1078,6,Red,340
1079,7,Red,344
1080,8,Red,336
1081,9,Red,341
1082,10,Red,338
1083,11,Red,338
1084,12,Red,343
1085,13,Red,342
1086,14,Red,342
1087,1,Green,339
1088,2,Green,201
1089,3,Green,200
1090,4,Green,196
1091,5,Green,201
1092,6,Green,202
1093,7,Green,202
1094,8,Green,199
1095,9,Green,197
1096,10,Green,194
1097,11,Green,195
1098,12,Green,195
1099,13,Green,197
1100,14,Green,201
1101,15,Green,197
1102,1,Blue,202
1103,2,Blue,323
1104,3,Blue,336
1105,4,Blue,328
1106,5,Blue,331
1107,6,Blue,328
1108,7,Blue,327
1109,8,Blue,333
1110,9,Blue,331
1111,10,Blue,333
1112,11,Blue,328
1113,12,Blue,329
1114,13,Blue,329
1115,14,Blue,335
1116,15,Blue,330
1117,1,Black,330
1118,2,Black,7
1119,3,Black,5
1120,4,Black,5
1121,5,Black,7
1122,6,Black,7
1123,7,Black,6
1124,8,Black,6
1125,9,Black,7
1126,10,Black,6
1127,11,Black,5
1128,12,Black,6
1129,13,Black,5
1130,14,Black,6
1131,0,Black,7
1132,0,Black,6
1133,0,Black,6
1134,0,Black,5
1135,0,Black,7
1136,0,Black,5
1137,0,Black,5
1138,0,Black,6
1139,0,Black,6
1140,0,Black,6
1141,0,Black,6
1142,0,Black,8
1143,0,Black,6
1144,0,Black,5
1145,0,Black,6
1146,1,White,6
1147,2,White,818
1148,3,White,821
1149,4,White,824
1150,5,White,826
1151,6,White,814
1152,7,White,821
1153,8,White,824
1154,9,White,814
1155,10,White,824
1156,11,White,824
1157,12,White,820
1158,13,White,816
1159,14,White,819
1160,15,White,826
1161,1,Red,821
1162,2,Red,334
1163,3,Red,337
1164,4,Red,343
1165,5,Red,336
1166,6,Red,339
1167,7,Red,338
1168,8,Red,337
1169,9,Red,344
1170,10,Red,338
1171,11,Red,338
1172,12,Red,342
1173,13,Red,339
1174,14,Red,340
1175,15,Red,337
1176,1,Green,343
1177,2,Green,200
1178,3,Green,196
1179,4,Green,193
1180,5,Green,196
1181,6,Green,197
1182,7,Green,198
1183,8,Green,194
1184,9,Green,202
1185,10,Green,196
1186,11,Green,200
1187,12,Green,195
1188,13,Green,197
1189,14,Green,202
1190,1,Blue,198
1191,2,Blue,330
1192,3,Blue,334
1193,4,Blue,334
1194,5,Blue,325
1195,6,Blue,336
1196,7,Blue,331
1197,8,Blue,330
1198,9,Blue,330
1199,10,Blue,332
1200,11,Blue,331
1201,12,Blue,335
1202,13,Blue,328
1203,14,Blue,329
1204,15,Blue,334
1205,1,Black,333
1206,2,Black,5
1207,3,Black,5
1208,4,Black,7
1209,5,Black,6
1210,6,Black,7
1211,7,Black,5
1212,8,Black,7
1213,9,Black,6
1214,10,Black,6
1215,11,Black,5
1216,12,Black,6
1217,13,Black,5
1218,14,Black,5
1219,15,Black,6
1220,0,Black,7
1221,0,Black,7
1222,0,Black,6
1223,0,Black,4
1224,0,Black,8
1225,0,Black,5
1226,0,Black,6
1227,0,Black,5
1228,0,Black,5
1229,0,Black,5
1230,0,Black,5
1231,0,Black,5
1232,0,Black,6
1233,0,Black,8
1234,1,White,6
1235,2,White,815
1236,3,White,822
1237,4,White,825
1238,5,White,814
1239,6,White,822
1240,7,White,826
1241,8,White,813
1242,9,White,820
1243,10,White,825
1244,11,White,814
1245,12,White,820
1246,13,White,826
1247,14,White,822
1248,15,White,820
1249,1,Red,819
1250,2,Red,339
1251,3,Red,339
1252,4,Red,340
1253,5,Red,340
1254,6,Red,341
1255,7,Red,341
1256,8,Red,335
1257,9,Red,340
1258,10,Red,342
1259,11,Red,339
1260,12,Red,336
1261,13,Red,341
1262,14,Red,342
1263,15,Red,338
1264,1,Green,336
1265,2,Green,198
1266,3,Green,192
1267,4,Green,197
1268,5,Green,200
1269,6,Green,195
1270,7,Green,197
1271,8,Green,202
1272,9,Green,199
1273,10,Green,201
1274,11,Green,200
1275,12,Green,193
1276,13,Green,196
1277,14,Green,194
1278,1,Blue,195
1279,2,Blue,332
1280,3,Blue,328
1281,4,Blue,333
1282,5,Blue,331
1283,6,Blue,331
1284,7,Blue,326
1285,8,Blue,336
1286,9,Blue,331
1287,10,Blue,328
1288,11,Blue,328
1289,12,Blue,330
1290,13,Blue,333
1291,14,Blue,331
1292,15,Blue,329
1293,1,Black,334
1294,2,Black,5
1295,3,Black,5
1296,4,Black,5
1297,5,Black,6
1298,6,Black,7
1299,7,Black,7
1300,8,Black,7
1301,9,Black,6
1302,10,Black,6
1303,11,Black,6
1304,12,Black,5
1305,13,Black,5
1306,14,Black,6
1307,15,Black,5
1308,0,Black,5
1309,0,Black,5
1310,0,Black,6
1311,0,Black,7
1312,0,Black,6
1313,0,Black,6
1314,0,Black,6
1315,0,Black,6
1316,0,Black,5
1317,0,Black,6
1318,0,Black,8
1319,0,Black,6
1320,0,Black,5
1321,0,Black,5
1322,1,White,6
1323,2,White,816
1324,3,White,820
1325,4,White,822
1326,5,White,815
1327,6,White,823
1328,7,White,818
1329,8,White,823
1330,9,White,821
1331,10,White,820
1332,11,White,814
1333,12,White,823
1334,13,White,818
1335,14,White,820
1336,15,White,815
1337,1,Red,819
1338,2,Red,337
1339,3,Red,336
1340,4,Red,334
1341,5,Red,339
1342,6,Red,336
1343,7,Red,337
1344,8,Red,340
1345,9,Red,338
1346,10,Red,344
1347,11,Red,341
1348,12,Red,339
1349,13,Red,345
1350,14,Red,338
1351,15,Red,338
1352,1,Green,337
1353,2,Green,197
1354,3,Green,196
1355,4,Green,200
1356,5,Green,195
1357,6,Green,197
1358,7,Green,196
1359,8,Green,198
1360,9,Green,198
1361,10,Green,193
1362,11,Green,196
1363,12,Green,201
1364,13,Green,197
1365,14,Green,198
1366,1,Blue,202
1367,2,Blue,333
1368,3,Blue,330
1369,4,Blue,330
1370,5,Blue,333
1371,6,Blue,329
1372,7,Blue,332
1373,8,Blue,330
1374,9,Blue,333
1375,10,Blue,331
1376,11,Blue,329
1377,12,Blue,330
1378,13,Blue,331
1379,14,Blue,330
1380,15,Blue,335
1381,1,Black,332
1382,2,Black,6
1383,3,Black,7
1384,4,Black,6
1385,5,Black,6
1386,6,Black,5
1387,7,Black,5
1388,8,Black,5
1389,9,Black,5
1390,10,Black,4
1391,11,Black,5
1392,12,Black,6
1393,13,Black,7
1394,14,Black,6
1395,15,Black,6
1396,0,Black,6
1397,0,Black,5
1398,0,Black,5
1399,0,Black,5
1400,0,Black,5
1401,0,Black,4
1402,0,Black,5
1403,0,Black,6
1404,0,Black,7
1405,0,Black,6
1406,0,Black,7
1407,0,Black,7
1408,0,Black,7
1409,0,Black,5
1410,0,Black,4
1411,1,White,5
1412,2,White,817
1413,3,White,810
1414,4,White,822
1415,5,White,820
1416,6,White,823
1417,7,White,820
1418,8,White,821
1419,9,White,819
1420,10,White,825
1421,11,White,824
1422,12,White,820
1423,13,White,816
1424,14,White,820
1425,1,Red,818
1426,2,Red,341
1427,3,Red,345
1428,4,Red,336
1429,5,Red,332
1430,6,Red,339
1431,7,Red,335
1432,8,Red,337
1433,9,Red,338
1434,10,Red,342
1435,11,Red,338
1436,12,Red,339
1437,13,Red,343
1438,14,Red,341
1439,15,Red,341
1440,1,Green,332
1441,2,Green,196
1442,3,Green,197
1443,4,Green,195
1444,5,Green,198
1445,6,Green,197
1446,7,Green,193
1447,8,Green,198
1448,9,Green,201
1449,10,Green,193
1450,11,Green,202
1451,12,Green,196
1452,13,Green,200
1453,14,Green,194
1454,15,Green,197
1455,1,Blue,197
1456,2,Blue,327
1457,3,Blue,336
1458,4,Blue,337
1459,5,Blue,331
1460,6,Blue,328
1461,7,Blue,332
1462,8,Blue,331
1463,9,Blue,331
1464,10,Blue,336
1465,11,Blue,327
1466,12,Blue,334
1467,13,Blue,332
1468,14,Blue,327
1469,1,Black,326
1470,2,Black,5
1471,3,Black,4
1472,4,Black,6
1473,5,Black,6
1474,6,Black,6
1475,7,Black,6
1476,8,Black,5
1477,9,Black,6
1478,10,Black,5
1479,11,Black,7
1480,12,Black,8
1481,13,Black,5
1482,14,Black,5
1483,15,Black,6
1484,0,Black,5
1485,0,Black,5
1486,0,Black,6
1487,0,Black,8
1488,0,Black,5
1489,0,Black,7
1490,0,Black,7
1491,0,Black,5
1492,0,Black,4
1493,0,Black,5
1494,0,Black,6
1495,0,Black,4
1496,0,Black,5
1497,0,Black,6
1498,0,Black,7
1499,1,White,7
1500,2,White,822
1501,3,White,813
1502,4,White,823
1503,5,White,826
1504,6,White,819
1505,7,White,821
1506,8,White,819
1507,9,White,822
1508,10,White,812
1509,11,White,821
1510,12,White,823
1511,13,White,819
1512,14,White,829
1513,1,Red,827
1514,2,Red,342
1515,3,Red,336
1516,4,Red,339
1517,5,Red,344
1518,6,Red,341
1519,7,Red,342
1520,8,Red,339
1521,9,Red,343
1522,10,Red,337
1523,11,Red,334
1524,12,Red,345
1525,13,Red,341
1526,14,Red,336
1527,15,Red,336
1528,1,Green,342
1529,2,Green,200
1530,3,Green,195
1531,4,Green,201
1532,5,Green,197
1533,6,Green,195
1534,7,Green,197
1535,8,Green,196
1536,9,Green,203
1537,10,Green,201
1538,11,Green,198
1539,12,Green,194
1540,13,Green,196
1541,14,Green,195
1542,15,Green,195
1543,1,Blue,195
1544,2,Blue,329
1545,3,Blue,330
1546,4,Blue,336
1547,5,Blue,330
1548,6,Blue,329
1549,7,Blue,336
1550,8,Blue,332
1551,9,Blue,335
1552,10,Blue,330
1553,11,Blue,330
1554,12,Blue,334
1555,13,Blue,333
1556,14,Blue,325
1557,1,Black,331
1558,2,Black,5
1559,3,Black,7
1560,4,Black,4
1561,5,Black,4
1562,6,Black,5
1563,7,Black,6
1564,8,Black,7
1565,9,Black,6
1566,10,Black,5
1567,11,Black,6
1568,12,Black,7
1569,13,Black,7
1570,14,Black,5
1571,15,Black,5
1572,0,Black,6
1573,0,Black,6
1574,0,Black,6
1575,0,Black,4
1576,0,Black,6
1577,0,Black,5
1578,0,Black,5
1579,0,Black,5
1580,0,Black,6
1581,0,Black,7
1582,0,Black,8
1583,0,Black,7
1584,0,Black,7
1585,0,Black,7
1586,0,Black,8
1587,1,White,6
1588,2,White,818
1589,3,White,813
1590,4,White,822
1591,5,White,823
1592,6,White,816
1593,7,White,820
1594,8,White,818
1595,9,White,820
1596,10,White,820
1597,11,White,820
1598,12,White,820
1599,13,White,828
1600,14,White,821
1601,1,Red,821
1602,2,Red,334
1603,3,Red,341
1604,4,Red,340
1605,5,Red,338
1606,6,Red,344
1607,7,Red,342
1608,8,Red,342
1609,9,Red,340
1610,10,Red,338
1611,11,Red,342
1612,12,Red,339
1613,13,Red,334
1614,14,Red,339
1615,15,Red,342
1616,1,Green,341
1617,2,Green,200
1618,3,Green,202
1619,4,Green,197
1620,5,Green,195
1621,6,Green,202
1622,7,Green,192
1623,8,Green,201
1624,9,Green,200
1625,10,Green,195
1626,11,Green,202
1627,12,Green,196
1628,13,Green,197
1629,14,Green,194
1630,15,Green,199
1631,1,Blue,197
1632,2,Blue,336
1633,3,Blue,334
1634,4,Blue,333
1635,5,Blue,337
1636,6,Blue,329
1637,7,Blue,331
1638,8,Blue,334
1639,9,Blue,336
1640,10,Blue,333
1641,11,Blue,332
1642,12,Blue,332
1643,13,Blue,334
1644,14,Blue,334
1645,1,Black,329
1646,2,Black,7
1647,3,Black,6
1648,4,Black,7
1649,5,Black,6
1650,6,Black,5
1651,7,Black,5
1652,8,Black,7
1653,9,Black,6
1654,10,Black,6
1655,11,Black,6
1656,12,Black,6
1657,13,Black,5
1658,14,Black,6
1659,15,Black,7
1660,0,Black,6
1661,0,Black,7
1662,0,Black,6
1663,0,Black,5
1664,0,Black,5
1665,0,Black,7
1666,0,Black,5
1667,0,Black,7
1668,0,Black,7
1669,0,Black,6
1670,0,Black,5
1671,0,Black,6
1672,0,Black,5
1673,0,Black,6
1674,0,Black,8
1675,1,White,7
1676,2,White,825
1677,3,White,820
1678,4,White,820
1679,5,White,818
1680,6,White,821
1681,7,White,826
1682,8,White,823
1683,9,White,824
1684,10,White,818
1685,11,White,822
1686,12,White,821
1687,13,White,820
1688,14,White,829
1689,15,White,820
1690,1,Red,822
1691,2,Red,342
1692,3,Red,340
1693,4,Red,338
1694,5,Red,342
1695,6,Red,341
1696,7,Red,338
1697,8,Red,339
1698,9,Red,341
1699,10,Red,336
1700,11,Red,337
1701,12,Red,343
1702,13,Red,336
1703,14,Red,340
1704,1,Green,339
1705,2,Green,200
1706,3,Green,201
1707,4,Green,198
1708,5,Green,195
1709,6,Green,190
1710,7,Green,195
1711,8,Green,200
1712,9,Green,194
1713,10,Green,198
1714,11,Green,200
1715,12,Green,198
1716,13,Green,195
1717,14,Green,200
1718,15,Green,199
1719,1,Blue,196
1720,2,Blue,327
1721,3,Blue,328
1722,4,Blue,331
1723,5,Blue,326
1724,6,Blue,338
1725,7,Blue,329
1726,8,Blue,335
1727,9,Blue,334
1728,10,Blue,331
1729,11,Blue,333
1730,12,Blue,334
1731,13,Blue,331
1732,14,Blue,336
1733,15,Blue,330
1734,1,Black,329
1735,2,Black,4
1736,3,Black,5
1737,4,Black,5
1738,5,Black,5
1739,6,Black,7
1740,7,Black,7
1741,8,Black,5
1742,9,Black,4
1743,10,Black,6
1744,11,Black,4
1745,12,Black,7
1746,13,Black,8
1747,14,Black,6
1748,0,Black,4
1749,0,Black,5
1750,0,Black,4
1751,0,Black,5
1752,0,Black,6
1753,0,Black,7
1754,0,Black,6
1755,0,Black,6
1756,0,Black,6
1757,0,Black,4
1758,0,Black,6
1759,0,Black,7
1760,0,Black,6
1761,0,Black,7
1762,0,Black,6
1763,1,White,7
1764,2,White,822
1765,3,White,818
1766,4,White,825
1767,5,White,818
1768,6,White,819
1769,7,White,826
1770,8,White,824
1771,9,White,826
1772,10,White,821
1773,11,White,823
1774,12,White,810
1775,13,White,823
1776,14,White,826
1777,15,White,823
1778,1,Red,818
1779,2,Red,344
1780,3,Red,339
1781,4,Red,342
1782,5,Red,337
1783,6,Red,345
1784,7,Red,339
1785,8,Red,339
1786,9,Red,339
1787,10,Red,334
1788,11,Red,342
1789,12,Red,340
1790,13,Red,343
1791,14,Red,345
1792,1,Green,335
1793,2,Green,197
1794,3,Green,200
1795,4,Green,201
1796,5,Green,191
1797,6,Green,195
1798,7,Green,196
1799,8,Green,198
1800,9,Green,201
No.,Order,Color,Value
