Order,Color,P10_O7.csv,P10_O6.csv,P10_O4.csv,P10_n.csv,P10_O5.csv,P10_O1.csv,P10_O2.csv,P10_O3.csv,P10_No_Reag.csv
1,Black,4.55,5.0,4.3,4.25,4.85,5.5,4.35,4.35,5.15
1,Blue,56.75,67.5,46.4,115.76190476190476,35.85,115.0,40.95,23.7,326.0952380952381
1,Green,89.55,89.6,90.25,127.57142857142857,71.9,36.0,77.5,52.25,189.52380952380952
1,Red,106.38095238095238,113.47619047619048,93.9047619047619,168.33333333333334,71.76190476190476,70.0,87.42857142857143,50.857142857142854,322.3809523809524
1,White,241.66666666666666,257.9047619047619,220.9047619047619,398.14285714285717,168.8095238095238,210.0,201.0,118.76190476190476,793.95
2,Black,4.65,5.0,4.15,4.6,4.65,4.5,4.2,4.2,5.05
2,Blue,57.15,66.85,46.45,115.33333333333333,34.95,112.5,41.05,23.5,324.6666666666667
2,Green,89.45,88.9,91.0,128.33333333333334,71.0,38.0,77.45,52.75,190.14285714285714
2,Red,107.33333333333333,114.14285714285714,93.61904761904762,166.42857142857142,71.52380952380952,69.0,86.14285714285714,51.523809523809526,322.57142857142856
2,White,243.04761904761904,257.04761904761904,221.0952380952381,396.85714285714283,167.28571428571428,208.33333333333334,204.0,118.9047619047619,793.1904761904761
3,Black,4.65,5.0,4.1,4.5,4.9,5.5,4.35,4.2,5.2
3,Blue,56.4,65.7,46.15,116.3,35.4,114.5,40.45,23.95,324.85714285714283
3,Green,90.2,88.9,90.75,127.38095238095238,71.75,35.0,77.95,52.8,190.0952380952381
3,Red,106.76190476190476,114.0952380952381,93.9047619047619,167.33333333333334,71.23809523809524,68.66666666666667,86.9047619047619,50.61904761904762,323.1904761904762
3,White,243.04761904761904,258.76190476190476,221.28571428571428,397.42857142857144,167.9047619047619,209.33333333333334,202.38095238095238,119.04761904761905,793.952380952381
4,Black,4.6,5.0,4.2,4.35,4.65,6.0,4.5,4.3,5.15
4,Blue,57.3,67.0,46.5,115.45,34.9,112.0,40.85,23.3,325.8
4,Green,89.95,89.15,90.7,127.66666666666667,72.25,35.5,78.1,52.65,189.0
4,Red,106.33333333333333,113.14285714285714,93.71428571428571,167.04761904761904,72.28571428571429,68.33333333333333,85.47619047619048,50.80952380952381,322.2857142857143
4,White,242.9047619047619,258.7142857142857,221.23809523809524,398.0952380952381,167.8095238095238,207.66666666666666,202.14285714285714,119.38095238095238,794.8571428571429
5,Black,4.25,5.05,4.2,4.3,4.85,5.5,4.05,4.35,5.05
5,Blue,56.4,66.2,46.0,115.3,35.45,115.5,41.1,23.85,326.05
5,Green,89.7,89.2,90.95,127.0,71.9,35.0,77.8,52.95,189.14285714285714
5,Red,106.28571428571429,113.76190476190476,93.71428571428571,167.33333333333334,71.71428571428571,68.33333333333333,87.0,51.04761904761905,321.23809523809524
5,White,242.1904761904762,258.6190476190476,221.0952380952381,397.0,167.14285714285714,210.0,201.38095238095238,118.57142857142857,794.2380952380952
6,Black,4.6,4.95,4.25,4.3,5.1,6.0,3.95,4.2,5.25
6,Blue,56.65,66.6,46.15,116.0,34.7,113.0,41.65,23.95,326.4
6,Green,88.95,87.95,91.1,127.0,71.8,36.5,77.5,52.65,189.66666666666666
6,Red,106.52380952380952,112.52380952380952,93.19047619047619,167.33333333333334,71.71428571428571,67.0,86.7,51.142857142857146,321.3333333333333
6,White,242.47619047619048,259.04761904761904,221.38095238095238,395.6666666666667,167.1904761904762,208.0,200.33333333333334,118.80952380952381,793.5714285714286
7,Black,4.45,5.0,4.0,4.45,4.8,5.0,4.4,4.15,4.8
7,Blue,56.7,66.9,45.65,115.45,35.1,112.5,40.95,23.45,324.15
7,Green,89.7,89.0,91.35,127.14285714285714,71.7,36.5,78.25,53.2,188.42857142857142
7,Red,106.61904761904762,113.61904761904762,93.66666666666667,168.33333333333334,71.52380952380952,69.0,86.1,50.38095238095238,321.8095238095238
7,White,242.71428571428572,258.6666666666667,220.33333333333334,397.23809523809524,167.85714285714286,208.66666666666666,199.71428571428572,118.14285714285714,794.2380952380952
8,Black,4.6,5.1,4.4,4.45,5.1,4.5,4.3,4.3,5.15
8,Blue,55.9,66.15,46.3,116.35,35.4,114.5,41.0,23.3,325.75
8,Green,89.55,88.7,90.85,127.61904761904762,71.3,37.0,78.25,52.1,188.8095238095238
8,Red,106.85714285714286,112.85714285714286,92.80952380952381,167.14285714285714,71.66666666666667,68.5,85.95,50.857142857142854,320.6190476190476
8,White,241.47619047619048,258.3333333333333,219.47619047619048,397.3333333333333,167.42857142857142,207.66666666666666,199.1904761904762,118.71428571428571,794.5238095238095
9,Black,4.55,5.0,4.05,4.7,4.65,4.5,4.0,4.15,4.95
9,Blue,56.45,66.65,45.7,115.95,35.2,114.0,40.8,23.95,325.25
9,Green,89.55,89.05,91.5,127.28571428571429,71.15,38.5,77.3,52.55,189.95238095238096
9,Red,107.57142857142857,113.85,94.04761904761905,167.57142857142858,71.66666666666667,66.0,86.9,50.476190476190474,322.0
9,White,241.85714285714286,258.6190476190476,221.0952380952381,396.6666666666667,167.14285714285714,210.66666666666666,199.23809523809524,119.61904761904762,794.2380952380952
10,Black,4.5625,5.117647058823529,4.05,4.5,4.7,6.0,4.125,4.176470588235294,5.05
10,Blue,55.64705882352941,66.94117647058823,48.266666666666666,115.1,35.588235294117645,115.5,40.5,23.6,324.85
10,Green,89.6875,88.94117647058823,92.0,126.57142857142857,72.0,36.5,76.83333333333333,52.285714285714285,188.9047619047619
10,Red,105.375,112.3529411764706,92.6,167.61904761904762,70.45454545454545,67.0,87.27777777777777,50.266666666666666,321.95238095238096
10,White,241.4,258.70588235294116,216.33333333333334,396.3809523809524,166.8,208.0,190.0,118.15,794.8095238095239
11,Black,,,,4.2,,,,,5.05
11,Blue,,,,115.9,,,,,325.95
11,Green,,,,127.19047619047619,,,,,189.52380952380952
11,Red,,,,166.23809523809524,,,,,323.04761904761904
11,White,,,,395.6190476190476,,,,,793.8095238095239
12,Black,,,,4.45,,,,,4.95
12,Blue,,,,116.3,,,,,326.8
12,Green,,,,127.47619047619048,,,,,189.28571428571428
12,Red,,,,167.04761904761904,,,,,322.14285714285717
12,White,,,,395.8095238095238,,,,,794.952380952381
13,Black,,,,4.25,,,,,5.65
13,Blue,,,,116.25,,,,,325.75
13,Green,,,,127.23809523809524,,,,,189.42857142857142
13,Red,,,,166.8095238095238,,,,,321.23809523809524
13,White,,,,397.0,,,,,794.1904761904761
14,Black,,,,4.3,,,,,5.25
14,Blue,,,,115.2,,,,,325.75
14,Green,,,,127.0952380952381,,,,,189.33333333333334
14,Red,,,,167.04761904761904,,,,,320.1904761904762
14,White,,,,395.5238095238095,,,,,792.8571428571429
15,Black,,,,4.333333333333333,,,,,4.833333333333333
15,Blue,,,,117.16666666666667,,,,,325.0
15,Green,,,,126.14285714285714,,,,,189.5
15,Red,,,,167.41666666666666,,,,,319.6923076923077
15,White,,,,394.1666666666667,,,,,795.7692307692307
Order,Color,P10_O7.csv,P10_O6.csv,P10_O4.csv,P10_n.csv,P10_O5.csv,P10_O1.csv,P10_O2.csv,P10_O3.csv,P10_No_Reag.csv
1,Black,0.7591546545162482,0.45883146774112354,0.47016234598162726,0.4442616583193192,0.5871429486123999,0.7071067811865476,0.5871429486123998,0.4893604849295931,0.8750939799154206
1,Blue,3.6974386582577625,6.5814731993440665,4.005259699839438,9.502130087010816,2.4553914898486227,1.4142135623730951,11.623365759492701,2.341839133312914,3.2696293659184374
1,Green,3.561120462350072,4.321305845520109,4.972291645763174,5.5997448921484745,3.4777488181444767,1.4142135623730951,12.219484010124331,2.6729640555206235,3.17205056105743
1,Red,4.466275746930435,6.8382676725838065,7.68703299007336,8.98517297180935,3.973723215131655,6.0,28.52117008218882,2.780030832305899,3.6942684049239136
1,White,9.291573243177574,17.389378257731824,17.023233423485575,23.30511899623282,8.201335547452311,9.16515138991168,66.45675285477014,7.489357528551842,4.650693213750049
2,Black,0.5871429486124,0.5619514869490163,0.5871429486123998,0.6805570473787205,0.6708203932499369,0.7071067811865476,0.6155870112510924,0.6155870112510925,0.6863327411532597
2,Blue,3.4530688105692726,7.087980931422611,4.718106221333878,9.48858963878897,3.0170567742333487,3.5355339059327378,11.834272263219232,2.1398475105532744,2.1055482263138376
2,Green,2.3725402775129147,4.024922359499624,4.834089475033706,5.180090089306673,2.316985337163697,1.4142135623730951,12.939027052009422,3.3541019662496856,2.833473385894322
2,Red,4.041451884327374,7.643858412383856,6.888223214125615,8.778219800001748,3.944858015430306,3.605551275463989,27.256716079318345,3.4873922581070183,2.9423023055326603
2,White,7.439598043417334,18.04293820439508,17.418107709808083,21.946037715919704,8.579876788992124,12.055427546683413,75.01199904015355,6.685093581280377,3.9448580154303445
3,Black,0.7451598203705945,0.5619514869490163,0.5525062514530825,0.827170191868511,0.5525062514530825,0.7071067811865476,0.489360484929593,0.6155870112510925,0.8335087534664907
3,Blue,4.031455268131766,5.912520167986071,4.74923816605303,8.189209845567328,2.623777911012244,4.949747468305833,11.269310911544357,1.7312909694943346,3.0705978943149437
3,Green,3.105173950547365,3.8784153030790662,5.359448125556058,4.421268940883251,3.1768074010172374,1.4142135623730951,11.914056271568683,2.7644357947251876,2.700088181981506
3,Red,4.42611298889625,7.154752000627009,7.265705484705267,9.0461778300746,4.194100164573588,3.5118845842842448,25.565415627180332,3.7212389129991443,3.370742464488316
3,White,8.169921605965312,17.54680814822106,17.45606730378538,22.399936224398992,8.808545634239302,6.110100926607783,74.16769929725217,6.844532054685626,2.9912571015576392
4,Black,0.882579950158088,0.5619514869490164,0.523148363780597,0.5871429486123998,0.48936048492959294,0.0,0.6882472016116851,0.6569466853317862,0.6708203932499369
4,Blue,3.4958622157600776,6.9811777018826255,4.696022953409337,8.929401465177595,2.5731406163633843,2.8284271247461903,11.631513455400286,1.59274671723509,3.053901732124603
4,Green,2.0124611797498106,3.6602415796027223,4.8677239899264295,5.850925852660686,2.2912878474779186,0.7071067811865476,11.702001628151619,2.390221306644395,2.4289915602982246
4,Red,3.5543400700176835,6.747486304437481,7.015289424840982,8.357488800328674,4.100522614775551,2.88675134594813,25.336967157927656,2.856904751983305,3.822863549001678
4,White,8.751598493445421,17.768350675126992,17.017358084922474,22.133469592236874,8.594294896145051,9.07377172587747,72.81777647956967,7.749039879083011,3.150963571444688
5,Black,0.6386663736585049,0.3940344628262062,0.6155870112510924,0.6569466853317862,0.48936048492959305,0.7071067811865476,0.6048053188292994,0.489360484929593,0.7591546545162482
5,Blue,3.8851945694012873,6.509911471627014,4.877445405559197,9.25145792209047,2.8372521918222215,4.949747468305833,11.313243287590454,1.4608937423083834,2.7236778540480096
5,Green,2.716421795012891,4.862314805024239,5.276312508202153,4.582575694955842,2.954033816575853,1.4142135623730951,12.28435033519862,2.5230516193063144,2.8859264419890223
5,Red,4.8181205582971565,7.251929135786984,7.669047249449296,9.101281960984009,4.279519332154701,4.041451884327381,24.98841836994848,3.153984630212875,2.9984122782693197
5,White,8.506580086139486,17.774915444176386,17.21599477783602,21.83346055942576,7.715476098632633,8.54400374531753,70.23067434567051,7.78184700807866,3.3897604916094357
6,Black,0.6805570473787209,0.5104177855340405,0.7163503994113789,0.6569466853317866,0.6407232755171873,1.4142135623730951,0.6048053188292994,0.5231483637805969,0.7163503994113789
6,Blue,3.3603727863375368,6.500202425997778,5.081183036718083,8.777962837637634,2.473012226755902,2.8284271247461903,10.629031742801113,2.235479461111784,2.6237779110122483
6,Green,2.416500296753651,3.619755734707437,3.3544942359389105,4.753945729601886,3.1220775808830576,0.7071067811865476,11.582654908821295,2.870448342020902,2.4152294576982403
6,Red,4.214487485081043,7.520764905373969,7.22231990165935,9.029581016488722,4.713203338949603,3.0,24.389600890111907,3.664501525251616,3.902990306589719
6,White,8.767092149732699,17.095251359591597,16.390473423535397,22.687735306401457,8.152417111624302,9.16515138991168,67.27505728970682,7.460690635718972,4.621378891320514
7,Black,0.8255779474818968,0.5619514869490163,0.5619514869490166,0.6863327411532598,0.6958523739384593,1.4142135623730951,0.5982430416161189,0.48936048492959294,0.6155870112510925
7,Blue,3.881128430590366,6.568665649966705,4.997631017739672,9.5282129544455,2.613728935327537,3.5355339059327378,10.72858944964096,1.57195821559574,2.924938145994671
7,Green,3.1472628040719437,3.5688712648767758,5.008151250448456,3.732100136460912,2.250146194080919,0.7071067811865476,12.748064868627596,2.3530495331087202,2.5994504913813676
7,Red,4.455066671512235,6.681887386631038,7.247988226627681,8.236099400403894,4.1667619036734855,3.0,24.194170676773403,3.499659847416473,2.9260732666672524
7,White,7.086203900134797,17.223046575252972,16.761065996330135,21.983868544696058,7.754261501172859,6.027713773341712,67.40336998781504,6.444266554742398,4.581536444302951
8,Black,0.6805570473787209,0.718184846459608,0.5026246899500346,0.6863327411532597,0.5525062514530825,0.7071067811865476,0.4701623459816271,0.4701623459816272,0.8750939799154206
8,Blue,3.2589956476772066,6.611592689718336,5.016813834759229,8.138763645923786,2.8910023757932306,4.949747468305833,11.295085097883105,1.6254554017744978,2.403396719119354
8,Green,2.8557421378504637,3.310271097182536,3.9772378672429904,4.821578480914632,2.754899940870907,1.4142135623730951,11.415017808963219,2.7318780892889145,2.803908836232875
8,Red,4.316082880178678,8.101146303367917,7.52741022941521,8.475173828811517,5.131601439446887,4.949747468305833,23.40821942912586,3.7720778661861423,2.635833653252615
8,White,7.453985830540938,16.35033129124092,16.09229333444752,21.758523234202585,8.476859256655295,8.621678104251712,64.70751042005794,6.885803200374355,3.3259441910387886
9,Black,0.6863327411532597,0.6488856845230504,0.6048053188292994,0.6569466853317862,0.670820393249937,0.7071067811865476,0.45883146774112354,0.5871429486123999,1.050062654772261
9,Blue,3.2682684937698188,6.417697570411294,5.058603926402079,8.120636480110727,2.948683916954348,1.4142135623730951,10.52115663043305,2.089447169392952,4.03765174067148
9,Green,2.258900524358557,4.418561328139097,5.246552752948712,4.828486896977742,2.5396850198400567,3.5355339059327378,11.21136641280202,3.034451307377021,2.635833653252618
9,Red,3.722518348798682,7.534307497951233,7.57282107590157,7.801098823700603,4.2110964526276655,1.4142135623730951,23.26936092579117,3.3108767361387463,3.492849839314615
9,White,8.174874398336115,17.23216814703301,16.306148416792862,21.081587543003803,7.850386705670709,6.806859285554048,64.13182108899198,7.372083765640409,4.426112988896261
10,Black,0.629152869605896,0.6966305460192359,0.3940344628262061,0.6069769786668839,0.7326950970650463,,0.34156502553198664,0.5285941398709245,0.8255779474818965
10,Blue,3.690209622612723,7.136793644866847,4.636295729916078,8.638347795242957,2.319989857990005,3.5355339059327378,11.078596216021552,2.3237900077244515,3.013565819319092
10,Green,3.156342820417332,3.7661417298625084,5.759050847723662,4.675162334843875,3.3665016461207005,2.1213203435596424,11.041366070640098,2.8128433856309707,2.256208365926379
10,Red,3.4616951531487157,7.330937665730321,8.73253358751873,9.058014078572569,4.180039147272097,,23.646428795301027,3.3904628143128326,3.1060616619151413
10,White,6.668070027731927,14.329884445985408,12.053800962644885,21.504595300717014,7.951166746558592,7.211102550927978,32.4037034920393,6.4012745441414785,3.868062145558784
11,Black,,,,0.6958523739384594,,,,,0.6863327411532597
11,Blue,,,,9.124288003945699,,,,,2.211810403980842
11,Green,,,,5.211708430246715,,,,,2.8039088362328672
11,Red,,,,8.808545634239312,,,,,2.8191521859628517
11,White,,,,22.030606415793905,,,,,4.915476046315854
12,Black,,,,0.6048053188292994,,,,,0.8870412083230169
12,Blue,,,,7.834471735121719,,,,,4.652107615173782
12,Green,,,,4.226334672254985,,,,,2.8132340311971333
12,Red,,,,8.12081393997049,,,,,2.6699384690609294
12,White,,,,21.873772074379534,,,,,4.674143669980524
13,Black,,,,0.8506963092234008,,,,,0.812727700887249
13,Blue,,,,8.638195474323997,,,,,3.625567106275283
13,Green,,,,4.3806935741359565,,,,,2.656528346760645
13,Red,,,,8.346370753920803,,,,,3.269629365918435
13,White,,,,20.731618364228094,,,,,4.2381487423053805
14,Black,,,,0.8013147091860319,,,,,0.638666373658505
14,Blue,,,,9.023944755336688,,,,,3.290736599672039
14,Green,,,,4.515581489739277,,,,,2.5755258362775812
14,Red,,,,7.426144292135687,,,,,3.655393927048736
14,White,,,,21.155658929986195,,,,,3.525417908358043
15,Black,,,,0.7784989441615231,,,,,0.38924947208076144
15,Blue,,,,9.768533279067153,,,,,2.6628760937957887
15,Green,,,,3.6554941338535016,,,,,2.907670107585359
15,Red,,,,10.655415467633299,,,,,3.425021055522039
15,White,,,,16.364225578617464,,,,,2.278663575938253
