dataset,sample_name,integration_time_ms,gain,net_intensity_red,net_intensity_green,net_intensity_blue,net_intensity_clear
7_soil_calibration,B,540.0,1.0,3038.682624113475,2658.049645390071,3458.494680851064,8770.95035460993
7_soil_calibration,blank,614.0,16.0,19596.695652173912,15773.678260869565,9838.026086956523,43069.360869565215
7_soil_calibration,B,240.0,1.0,1522.5735524256652,1336.6846635367763,1743.4827856025038,4409.218309859155
7_soil_calibration,B,401.0,1.0,2415.5389610389607,2119.8636363636365,2748.385714285714,6979.448051948052
7_soil_calibration,RED,2.4,1.0,0.0,0.0,0.0,0.0
7_soil_calibration,A,600.0,1.0,2792.0301418439717,2324.223404255319,2622.251773049645,7439.992907801419
7_soil_calibration,RER,24.0,1.0,77.83333333333333,66.0,111.25886524822694,244.77748226950354
7_soil_calibration,blank,614.0,16.0,19283.817391304347,15587.934782608696,9509.469565217392,42749.752173913046
7_soil_calibration,B,480.0,1.0,2858.8480519480518,2506.2376623376626,3272.612987012987,8275.063636363637
7_soil_calibration,C,499.0,1.0,2975.2872340425533,2494.0921985815603,3020.2109929078015,8146.833333333334
7_soil_calibration,C,50.0,1.0,391.8848039215686,332.781862745098,401.37745098039215,1081.0
7_soil_calibration,RER,420.0,1.0,1080.2207792207791,913.2688311688312,1508.6623376623377,3363.997402597403
7_soil_calibration,blank,101.0,1.0,269.8820512820513,219.39871794871794,141.81153846153845,622.1141025641025
7_soil_calibration,blank,154.0,1.0,395.6001564945227,323.12832550860725,209.60015649452268,914.7214397496089
7_soil_calibration,E,401.0,1.0,2033.0766233766233,1749.72987012987,2237.0337662337665,5777.00909090909
7_soil_calibration,E,240.0,1.0,1305.5936507936508,1130.3238095238096,1434.7555555555557,3715.661904761905
7_soil_calibration,RER,60.0,1.0,194.95454545454547,165.13636363636363,277.40909090909093,611.9738766980146
7_soil_calibration,BLACK,499.0,1.0,1214.6755319148936,1007.8829787234042,854.9592198581561,3003.7393617021276
7_soil_calibration,E,540.0,1.0,2623.8156028368794,2253.1436170212764,2860.700354609929,7427.987588652482
7_soil_calibration,blank,360.0,1.0,797.5974025974026,648.6129870129871,411.9662337662338,1832.6688311688313
7_soil_calibration,E,480.0,1.0,2384.255319148936,2051.9893617021276,2603.3475177304963,6757.445035460993
7_soil_calibration,RED,2.4,1.0,7.969230769230769,0.0,0.0,0.0
7_soil_calibration,RER,614.0,1.0,1460.3260869565217,1247.3804347826087,1837.344202898551,4369.365942028985
7_soil_calibration,blank,180.0,1.0,451.34285714285716,366.8984126984127,235.4968253968254,1038.447619047619
7_soil_calibration,D,499.0,1.0,2360.973404255319,2007.9255319148936,2590.7801418439717,6676.13475177305
7_soil_calibration,RED,24.0,1.0,58.57364341085271,52.4031007751938,89.64562569213732,200.62236987818383
7_soil_calibration,blank,199.0,1.0,473.1,385.1589285714286,249.4125,1091.9071428571428
7_soil_calibration,RED,614.0,1.0,0.0,0.0,0.0,0.0
7_soil_calibration,blank0,24.0,1.0,64.85714285714286,53.57142857142857,39.33976833976834,154.88513513513513
7_soil_calibration,A,614.0,1.0,2815.971631205674,2341.9804964539007,2610.336879432624,7468.656028368794
7_soil_calibration,D,480.0,1.0,2377.6878306878307,2027.3756613756611,2594.462962962963,6714.431216931217
7_soil_calibration,E,499.0,1.0,2457.946808510638,2112.072695035461,2676.062056737589,6956.177304964539
7_soil_calibration,BLACK,540.0,1.0,1351.9927536231885,1121.9891304347825,949.8731884057972,3341.623188405797
7_soil_calibration,BLACK,401.0,1.0,1040.3703703703704,865.4497354497355,740.3809523809523,2582.4074074074074
7_soil_calibration,BLACK,240.0,1.0,635.6537698412699,526.031746031746,449.890873015873,1572.985119047619
7_soil_calibration,D,50.0,1.0,311.0416666666667,267.25,346.02061403508776,887.3429824561404
7_soil_calibration,blank,60.0,1.0,164.27272727272728,134.0,87.68181818181819,380.06131078224104
7_soil_calibration,A,420.0,1.0,2034.0584415584415,1700.5584415584415,1899.8389610389609,5415.976623376624
7_soil_calibration,RER,614.0,60.0,47107.590579710144,43764.159420289856,44230.97101449275,31705.57608695652
7_soil_calibration,BLACK,480.0,1.0,1191.3386524822695,989.7304964539007,838.6613475177305,2947.7322695035464
7_soil_calibration,D,540.0,1.0,2585.601063829787,2197.246453900709,2831.831560283688,7304.551418439717
7_soil_calibration,blank0,24.0,1.0,64.46666666666667,53.3,38.7,153.9
7_soil_calibration,RED,614.0,1.0,31308.722222222223,26672.65522875817,41357.740196078434,58791.28758169935
7_soil_calibration,D,240.0,1.0,1282.6557120500781,1092.725352112676,1397.810641627543,3620.1009389671362
7_soil_calibration,D,401.0,1.0,1988.896103896104,1692.4363636363637,2171.992207792208,5615.1558441558445
7_soil_calibration,RED,24.0,1.0,0.0,0.0,0.0,0.0
7_soil_calibration,RER,600.0,1.0,1446.712765957447,1224.8705673758864,1917.4308510638298,4409.599290780142
7_soil_calibration,BLACK,614.0,1.0,5331.388571428572,4135.605714285714,3307.5657142857144,12313.917142857143
7_soil_calibration,C,480.0,1.0,2995.1243386243386,2511.425925925926,3089.116402116402,8247.288359788361
7_soil_calibration,blank,24.0,1.0,65.0,53.54545454545455,34.91954022988506,150.85005224660395
7_soil_calibration,RER,2.4,60.0,500.0,425.4583333333333,725.6382978723404,930.0
7_soil_calibration,B,499.0,1.0,2976.801587301587,2606.1825396825398,3384.0714285714284,8590.838624338625
7_soil_calibration,C,401.0,1.0,2496.794805194805,2108.3441558441555,2513.37012987013,6830.087012987013
7_soil_calibration,C,240.0,1.0,1575.4147104851331,1327.2057902973397,1588.7856025039123,4309.090766823161
7_soil_calibration,C,540.0,1.0,3283.831560283688,2757.702127659574,3323.554964539007,8985.214539007091
7_soil_calibration,BLACK,614.0,1.0,0.0,0.0,0.0,0.0
7_soil_calibration,BLACK,50.0,1.0,160.0909090909091,134.0,116.5813953488372,400.6522198731501
7_soil_calibration,E,24.0,1.0,0.0,0.0,0.0,0.0
7_soil_calibration,E,2.4,1.0,15.533039647577093,2.75,2.2676211453744486,10.060205580029368
7_soil_calibration,BLACK,60.0,1.0,191.13636363636363,160.0909090909091,137.54545454545453,476.9334038054968
7_soil_calibration,blank0,50.0,1.0,129.29536679536682,106.27702702702703,76.75160875160876,306.60231660231665
7_soil_calibration,blankA,24.0,1.0,61.0,51.0,39.22581552305962,151.2258155230596
7_soil_calibration,RER,499.0,1.0,1223.2748226950355,1027.5833333333333,1671.8705673758864,3769.196808510638
7_soil_calibration,Blank,600.0,1.0,5599.875,4372.84375,3605.0572916666665,13577.776041666666
7_soil_calibration,B,600.0,1.0,3357.6595744680853,2936.8297872340427,3883.61524822695,9748.333333333334
7_soil_calibration,BLACK,420.0,1.0,1062.7089947089949,883.0740740740741,750.4470899470899,2631.976190476191
7_soil_calibration,D,614.0,1.0,2878.8475177304963,2444.4698581560283,3195.145390070922,8171.336879432623
7_soil_calibration,A,480.0,1.0,2327.6623376623374,1947.796103896104,2167.694805194805,6194.267532467533
7_soil_calibration,A,540.0,1.0,2493.436170212766,2075.345744680851,2324.2588652482273,6625.75
7_soil_calibration,D,24.0,1.0,148.07692307692307,127.73076923076923,164.96003016591254,422.28506787330315
7_soil_calibration,A,240.0,1.0,1229.611111111111,1032.0195618153364,1160.4358372456966,3289.2159624413143
7_soil_calibration,blank,50.0,1.0,137.36363636363637,112.0909090909091,73.18181818181819,317.6818181818182
7_soil_calibration,A,401.0,1.0,1940.9636363636364,1622.2753246753248,1818.2285714285715,5172.467532467533
7_soil_calibration,Blank,600.0,1.0,5633.461139896373,4831.082901554404,3034.1776897287414,13498.72173117952
7_soil_calibration,D,420.0,1.0,2088.1233766233768,1779.151948051948,2274.818181818182,5892.505194805194
7_soil_calibration,E,2.4,1.0,0.0,0.0,0.0,0.0
7_soil_calibration,E,24.0,1.0,147.85589519650654,130.99126637554585,148.32532751091702,410.8585152838428
7_soil_calibration,BLACK,614.0,1.0,1495.5217391304348,1240.9420289855072,1049.054347826087,3695.090579710145
7_soil_calibration,blank,300.0,1.0,658.7049180327868,534.5362997658079,341.08430913348946,1512.5538641686182
7_soil_calibration,blankA,24.0,1.0,61.16363636363636,51.554545454545455,40.027272727272724,149.78181818181818
7_soil_calibration,Blank,300.0,1.0,0.0,0.0,0.0,0.0
7_soil_calibration,blank,50.0,1.0,137.72727272727272,112.18181818181819,73.51057082452431,318.4756871035941
7_soil_calibration,D,60.0,1.0,364.4166666666667,313.4583333333333,406.7916666666667,1038.9763157894736
7_soil_calibration,C,614.0,1.0,3657.395390070922,3066.9290780141846,3675.824468085106,9978.33865248227
7_soil_calibration,E,600.0,1.0,2929.196808510638,2517.2943262411345,3201.6063829787236,8300.287234042553
7_soil_calibration,blank,2.4,1.0,7.0,5.946808510638298,2.9468085106382977,15.851063829787234
7_soil_calibration,blank,50.0,1.0,137.54545454545453,112.13636363636364,73.18181818181819,318.09090909090907
7_soil_calibration,blankA,24.0,1.0,0.0,0.0,0.0,0.0
7_soil_calibration,C,420.0,1.0,2633.1974025974027,2217.694805194805,2647.7467532467535,7193.979220779221
7_soil_calibration,BLACK,24.0,1.0,76.0,64.0,55.5531914893617,190.56560283687944
7_soil_calibration,BLACK,2.4,60.0,478.3333333333333,314.7907801418439,241.24290780141843,675.9893617021277
7_soil_calibration,blankA,24.0,1.0,60.53846153846154,51.5,38.57692307692308,147.69230769230768
7_soil_calibration,Blank,300.0,1.0,0.0,0.0,0.0,0.0
7_soil_calibration,blankA,24.0,1.0,62.0,52.0,41.833333333333336,152.83333333333334
7_soil_calibration,B,420.0,1.0,2501.379220779221,2191.084415584415,2854.418181818182,7231.16883116883
7_soil_calibration,BLACK,600.0,1.0,1457.6304347826087,1207.4239130434783,1029.7427536231885,3605.4818840579715
7_soil_calibration,RER,50.0,1.0,163.4090909090909,138.72727272727272,232.82915360501568,513.3401253918495
7_soil_calibration,blank,614.0,4.0,4850.665217391304,3947.413043478261,2463.778260869565,11105.991304347826
7_soil_calibration,blankA,24.0,1.0,62.0,52.0,41.15384615384615,152.07692307692307
7_soil_calibration,D,600.0,1.0,2845.810283687943,2415.053191489362,3114.5425531914893,8034.673758865249
7_soil_calibration,Blank,300.0,1.0,0.0,0.0,0.0,0.0
7_soil_calibration,C,60.0,1.0,441.0565789473684,372.3548245614035,453.21447368421053,1213.923245614035
7_soil_calibration,blankA,24.0,1.0,62.03571428571429,52.035714285714285,40.0,151.3025974025974
7_soil_calibration,B,614.0,1.0,3254.021276595745,2864.343971631206,3880.446808510638,9572.668439716312
7_soil_calibration,C,24.0,1.0,186.69230769230768,159.0,193.08700522778193,516.6646751306946
7_soil_calibration,RER,540.0,1.0,1312.2375886524821,1108.3705673758864,1773.6684397163122,4030.622340425532
7_soil_calibration,blankA,24.0,1.0,62.25,52.125,40.125,152.125
7_soil_calibration,RER,240.0,1.0,644.0922619047619,545.8065476190476,908.3095238095239,2015.8154761904761
7_soil_calibration,RER,401.0,1.0,1034.8376623376623,873.7766233766233,1451.3259740259741,3227.105194805195
7_soil_calibration,Blank,300.0,1.0,780.4742857142858,648.5085714285714,443.9933333333333,1872.9761904761904
7_soil_calibration,blankA,24.0,1.0,62.0,52.0,41.75,153.25
7_soil_calibration,blank,120.0,1.0,320.9102564102564,262.27777777777777,168.94444444444446,742.0299145299145
7_soil_calibration,blank0,2.4,1.0,7.0,5.912698412698413,2.9360119047619047,15.753968253968253
7_soil_calibration,E,420.0,1.0,2130.8558441558444,1834.3493506493505,2334.107792207792,6046.185714285714
7_soil_calibration,blank0,2.4,1.0,7.0,6.0,3.0,15.8125
7_soil_calibration,A,499.0,1.0,2445.6719576719574,2043.801587301587,2290.304232804233,6516.679894179894
7_soil_calibration,BLACK,614.0,60.0,45218.04710144927,41975.45289855073,40963.213768115944,28308.82608695652
7_soil_calibration,blankA,24.0,1.0,0.0,0.0,0.0,0.0
7_soil_calibration,Blank,300.0,1.0,0.0,0.0,0.0,0.0
7_soil_calibration,E,614.0,1.0,2990.7358156028367,2569.645390070922,3262.398936170213,8468.014184397163
7_soil_calibration,blankA,24.0,1.0,62.5,52.46666666666667,40.266666666666666,152.4
7_soil_calibration,RER,480.0,1.0,1168.9751773049645,988.1507092198583,1626.1737588652481,3634.4574468085107
7_soil_calibration,C,600.0,1.0,3615.6117021276596,3032.395390070922,3654.1950354609926,9882.79255319149
7_soil_calibration,B,120.0,1.0,822.6724137931035,723.0929989550679,938.7361546499478,2380.077324973877
7_soil_calibration,BLACK,300.0,1.0,796.3084677419355,662.2620967741935,558.6491935483871,1969.1350806451612
7_soil_calibration,D,2.4,1.0,15.0,12.951456310679612,15.951456310679612,42.80582524271845
7_soil_calibration,RED,6144.0,1.0,1870.8333333333333,1611.35,2451.2375,5694.283333333334
7_soil_calibration,B,60.0,1.0,443.48026315789474,391.665350877193,510.8271929824561,1288.3754385964912
7_soil_calibration,blankA,24.0,1.0,60.0,51.0,38.25,146.0
7_soil_calibration,BLACK,2.4,1.0,8.0,7.0,5.0,19.0
7_soil_calibration,D,300.0,1.0,1578.0753968253969,1343.640873015873,1716.6458333333333,4450.2390873015875
7_soil_calibration,blankA,24.0,1.0,61.8780487804878,52.0,41.09756097560975,151.90243902439025
7_soil_calibration,RED,6144.0,1.0,1949.240174672489,1674.6113537117903,2522.1353711790393,5901.733624454148
7_soil_calibration,C,2.4,1.0,19.0,16.0,19.0,52.142857142857146
7_soil_calibration,E,120.0,1.0,734.8721518987342,637.1506329113924,819.0797468354431,2103.3462025316458
7_soil_calibration,RER,154.0,1.0,426.97008547008545,361.94871794871796,600.4957264957266,1334.534188034188
7_soil_calibration,RER,101.0,1.0,322.5879746835443,273.0303797468355,459.1183544303797,1013.2949367088609
7_soil_calibration,blank,420.0,1.0,928.1190476190476,752.4232804232804,479.96296296296293,2129.214285714286
7_soil_calibration,RER,180.0,1.0,534.5790297339594,453.6830985915493,758.7793427230047,1678.817683881064
7_soil_calibration,C,300.0,1.0,1961.4474206349207,1654.532738095238,1980.2916666666667,5369.337301587301
7_soil_calibration,blank,614.0,1.0,1222.1000000000001,986.0333333333333,622.5555555555555,2790.7222222222226
7_soil_calibration,B,24.0,1.0,181.03846153846155,160.03846153846155,208.99925317401045,526.6041822255414
7_soil_calibration,A,199.0,1.0,1045.005063291139,878.7278481012659,987.5158227848101,2798.359493670886
7_soil_calibration,RER,360.0,1.0,930.0844155844156,786.1116883116883,1306.835064935065,2904.2753246753246
7_soil_calibration,B,300.0,1.0,1892.2619047619048,1658.3948412698412,2158.1478174603176,5469.139880952381
7_soil_calibration,BLACK,120.0,1.0,364.5833333333333,304.56538461538463,259.6846153846154,907.0269230769231
7_soil_calibration,A,180.0,1.0,947.9367088607595,794.6556962025317,898.5474683544304,2538.150632911392
7_soil_calibration,Blank,24.0,1.0,57.188235294117646,49.0,0.0,102.44212523719165
7_soil_calibration,RER,199.0,1.0,573.1032863849765,484.66040688575896,813.9820031298905,1798.1275430359935
7_soil_calibration,BLACK,2.4,1.0,7.967741935483871,7.0,5.0,19.870967741935484
7_soil_calibration,E,24.0,1.0,154.15384615384616,134.0,171.0874811463047,441.05052790346906
7_soil_calibration,A,360.0,1.0,1797.5753968253969,1504.874007936508,1686.032738095238,4794.889880952381
7_soil_calibration,D,120.0,1.0,677.5511627906976,581.8279069767442,747.4441860465117,1924.7906976744187
7_soil_calibration,B,2.4,1.0,18.0,15.954954954954955,20.38352638352638,52.90958815958816
7_soil_calibration,A,154.0,1.0,811.7494714587738,682.492600422833,774.2019027484145,2180.8742071881607
7_soil_calibration,Blank,300.0,1.0,2826.4767441860463,2422.110465116279,1502.0116279069766,6750.5988372093025
7_soil_calibration,A,24.0,1.0,147.78571428571428,124.32142857142858,142.33075933075932,398.44755469755466
7_soil_calibration,A,101.0,1.0,570.9026315789474,478.2052631578947,540.8315789473684,1527.9061403508772
7_soil_calibration,A,60.0,1.0,339.05825242718447,285.1422703510082,320.840926064227,908.5373412994772
7_soil_calibration,E,300.0,1.0,1596.4761904761904,1383.4890873015872,1746.5575396825398,4537.521825396825
7_soil_calibration,blank0,614.0,1.0,1235.264184397163,1009.8262411347519,693.781914893617,2890.874113475177
7_soil_calibration,blank,600.0,1.0,1244.2173913043478,1005.894927536232,634.4492753623188,2843.195652173913
7_soil_calibration,BLACK,614.0,4.0,5797.401185770751,4835.822134387352,4108.377470355731,14389.088932806326
7_soil_calibration,E,2.4,1.0,16.0,14.0,17.0,43.92457057505601
7_soil_calibration,BLACK,614.0,16.0,22876.282608695652,18865.11304347826,16080.147826086955,42077.078260869566
7_soil_calibration,C,120.0,1.0,843.3678160919541,710.0323928944619,854.5757575757575,2309.7351097178685
7_soil_calibration,E,60.0,1.0,386.29609929078015,335.0913120567376,422.50531914893617,1097.3554964539007
7_soil_calibration,RED,24.0,1.0,0.0,0.0,0.0,0.0
7_soil_calibration,BLACK,154.0,1.0,460.44444444444446,386.10719874804386,328.5602503912363,1147.0219092331768
7_soil_calibration,E,199.0,1.0,1114.496870109546,963.8466353677621,1235.87558685446,3180.7323943661972
7_soil_calibration,BLACK,101.0,1.0,311.96153846153845,260.61410256410255,223.83076923076922,777.4769230769231
7_soil_calibration,D,360.0,1.0,1786.1493506493507,1520.8545454545454,1947.0064935064938,5040.164935064935
7_soil_calibration,Blank,540.0,1.0,5.223021582733813,4.44798007747648,2.527116768123962,12.198118428334256
7_soil_calibration,blank,499.0,1.0,1071.654255319149,866.9609929078014,551.7872340425532,2454.904255319149
7_soil_calibration,E,50.0,1.0,324.4166666666667,281.2083333333333,356.29254385964913,923.9565789473684
7_soil_calibration,D,180.0,1.0,964.0364372469636,822.4176788124156,1048.0762483130904,2719.202429149798
7_soil_calibration,E,6144.0,1.0,0.0,0.0,0.0,0.0
7_soil_calibration,D,154.0,1.0,827.2075949367089,706.073417721519,904.8215189873417,2338.7069620253164
7_soil_calibration,BLACK,360.0,1.0,916.7740259740259,760.2532467532467,649.1571428571428,2270.688311688312
7_soil_calibration,D,101.0,1.0,579.487460815047,498.5559038662487,634.3678160919541,1642.9895506792059
7_soil_calibration,Blank,540.0,1.0,33.21491228070175,25.855263157894736,21.94298245614035,81.01315789473684
7_soil_calibration,A,120.0,1.0,655.1086729362592,547.9817136886103,621.094566353187,1753.8970741901776
7_soil_calibration,A,50.0,1.0,307.21956684092606,258.3924570575056,292.6015683345781,824.7292755787901
7_soil_calibration,blank,614.0,60.0,45642.30434782609,42216.43115942029,37097.710144927536,28632.18115942029
7_soil_calibration,BLACK,180.0,1.0,517.5111111111111,431.0873015873016,370.6936507936508,1287.247619047619
7_soil_calibration,RED,24.0,1.0,70.00462962962963,61.050925925925924,90.875,221.93055555555554
7_soil_calibration,C,360.0,1.0,2316.9505376344086,1954.031182795699,2334.4645161290323,6337.54623655914
7_soil_calibration,RED,24.0,1.0,66.52995391705069,58.21198156682028,84.7012987012987,209.44323418516967
7_soil_calibration,B,199.0,1.0,1320.134278002699,1156.3947368421052,1500.7645074224022,3811.287449392712
7_soil_calibration,blank,2.4,60.0,403.4583333333333,308.7402482269503,180.4494680851064,857.3882978723404
7_soil_calibration,Blank,540.0,1.0,0.0,0.0,0.0,0.0
7_soil_calibration,RER,300.0,1.0,820.1765873015873,693.343253968254,1148.3779761904761,2556.9007936507937
7_soil_calibration,C,180.0,1.0,1217.3145569620253,1031.992405063291,1233.8911392405062,3341.4664556962025
7_soil_calibration,E,6144.0,1.0,3729.4170212765957,3304.748936170213,3539.1127659574468,10155.502127659574
7_soil_calibration,C,101.0,1.0,716.3056426332288,607.9461859979101,734.6912225705329,1975.6233019853712
7_soil_calibration,C,154.0,1.0,1024.4132911392403,864.1658227848101,1035.3037974683543,2805.115189873418
7_soil_calibration,blank0,240.0,1.0,542.1087636932708,444.7464788732394,312.72065727699527,1277.8834115805948
7_soil_calibration,Blank,540.0,1.0,22.395652173913042,18.095652173913045,15.399999999999999,55.891304347826086
7_soil_calibration,blank,2.4,60.0,13313.0,10886.5,6960.25,29663.25
7_soil_calibration,RER,2.4,1.0,8.0,6.950980392156863,10.950980392156863,24.862745098039216
7_soil_calibration,RED,24.0,1.0,0.0,0.0,0.0,0.0
7_soil_calibration,blankA,24.0,1.0,61.56387665198238,52.013215859030836,37.72687224669603,148.59471365638765
7_soil_calibration,B,154.0,1.0,1005.2430379746835,882.6145569620254,1149.1259493670887,2909.372151898734
7_soil_calibration,B,101.0,1.0,696.8646812957157,613.5,798.9916405433647,2020.8861024033438
7_soil_calibration,A,2.4,1.0,15.0,12.567796610169491,13.474576271186441,39.00467562828755
7_soil_calibration,C,199.0,1.0,1338.7492492492493,1132.906906906907,1364.7882882882884,3681.147147147147
7_soil_calibration,RED,614.0,1.0,60135.919241573036,56706.988061797754,54805.77106741573,40979.4297752809
7_soil_calibration,B,360.0,1.0,2223.282258064516,1949.4717741935483,2537.9495967741937,6429.727822580645
7_soil_calibration,A,300.0,1.0,1499.6775793650793,1255.8650793650793,1408.610119047619,4002.8571428571427
7_soil_calibration,B,180.0,1.0,1193.146835443038,1050.9158227848102,1359.170253164557,3451.3132911392404
7_soil_calibration,blankA,24.0,1.0,0.0,0.0,0.0,0.0
7_soil_calibration,E,101.0,1.0,624.5506792058517,542.046499477534,702.8709508881923,1795.1525600835946
7_soil_calibration,E,154.0,1.0,875.6113924050634,754.8113924050633,975.9854430379747,2502.3050632911395
7_soil_calibration,BLACK,199.0,1.0,549.9857142857143,458.15555555555557,390.8666666666667,1366.0460317460318
7_soil_calibration,RER,120.0,1.0,360.55379746835445,306.0848101265823,510.820253164557,1131.746835443038
7_soil_calibration,blank,401.0,1.0,888.5978835978837,720.589947089947,458.06878306878303,2037.9920634920636
7_soil_calibration,blank,240.0,1.0,554.2232142857143,451.1875,287.76984126984127,1275.0079365079364
7_soil_calibration,blank,540.0,1.0,1122.7570921985816,908.1560283687944,575.5673758865248,2569.4858156028367
7_soil_calibration,E,360.0,1.0,1830.287012987013,1575.905194805195,2001.4688311688312,5190.538961038961
7_soil_calibration,blank,480.0,1.0,1011.3918439716311,815.1843971631206,520.6312056737589,2313.053191489362
7_soil_calibration,D,199.0,1.0,1099.8419405320813,938.7918622848201,1196.5524256651017,3104.904538341158
7_soil_calibration,E,180.0,1.0,1008.6979655712049,871.1572769953052,1119.2519561815336,2878.474178403756
7_soil_calibration,B,50.0,1.0,377.6985294117647,333.5833333333333,435.593137254902,1099.4779411764707
7_soil_calibration,RED,24.0,1.0,0.0,0.0,0.0,0.0
7_soil_calibration,blankA,24.0,1.0,0.0,0.0,0.0,0.0
Field_Soils_2024,Soil_8,540.0,1.0,0.0,0.0,0.0,0.0
Field_Soils_2024,Soil_9,540.0,1.0,2473.614942528736,2177.9049111807735,1824.0506792058516,6475.570532915361
Field_Soils_2024,Soil_21,540.0,1.0,2144.4265734265737,1899.3006993006993,1607.4125874125875,5651.1398601398605
Field_Soils_2024,Soil_20,540.0,1.0,2238.7205387205386,2009.043771043771,1626.3063973063972,5874.070707070707
Field_Soils_2024,Soil_22,540.0,1.0,2218.401069518716,1997.5668449197863,1649.2032085561498,5865.171122994652
Field_Soils_2024,Soil_23,540.0,1.0,2231.6477272727275,2004.6761363636365,1641.9488636363637,5878.272727272727
Field_Soils_2024,Soil_18,540.0,1.0,2304.8122529644265,2067.2529644268775,1708.804347826087,6080.869565217391
Field_Soils_2024,Soil_24,540.0,1.0,0.0,0.0,0.0,0.0
Field_Soils_2024,Soil_19,540.0,1.0,2285.172727272727,2044.7636363636361,1683.6636363636364,6013.599999999999
Field_Soils_2024,Soil_14,540.0,1.0,2356.955590386625,2090.0292580982236,1737.753396029258,6184.738244514107
Field_Soils_2024,Soil_15,540.0,1.0,2275.5511363636365,2005.346590909091,1705.5113636363637,5986.409090909091
Field_Soils_2024,Soil_17,540.0,1.0,2336.3312434691743,2071.295193312435,1704.745036572623,6112.371473354232
Field_Soils_2024,Soil_16,540.0,1.0,2349.6081504702192,2084.8045977011493,1722.7727272727273,6157.185475444096
Field_Soils_2024,Soil_12,540.0,1.0,2470.8349007314528,2170.4644723092997,1833.4984326018807,6474.797805642633
Field_Soils_2024,Soil_13,540.0,1.0,2400.9784688995214,2124.843301435407,1780.7727272727275,6306.594497607655
Field_Soils_2024,Soil_11,540.0,1.0,2462.2115987460816,2170.2972831765933,1817.8004179728318,6450.309299895507
Field_Soils_2024,Soil_10,540.0,1.0,2474.007130124777,2189.2762923351156,1879.9928698752228,6543.2762923351165
Field_Soils_2024,Soil_1,540.0,1.0,1164.6191222570533,938.9148380355277,603.1421107628004,2706.6760710553813
Field_Soils_2024,Soil_0,540.0,1.0,0.0,0.0,0.0,0.0
Field_Soils_2024,Soil_2,540.0,1.0,0.0,0.0,0.0,0.0
Field_Soils_2024,Soil_3,540.0,1.0,1189.085684430512,958.7236154649947,609.3599791013584,2757.1692789968656
Field_Soils_2024,Soil_7,540.0,1.0,1940.4106583072103,1787.7027168234063,1785.1149425287356,5513.228317659353
Field_Soils_2024,Soil_6,540.0,1.0,2217.0846394984324,2006.4932079414837,2940.658829676071,7164.236677115988
Field_Soils_2024,Soil_4,540.0,1.0,1473.4738766980147,1238.6050156739811,1257.0214211076282,3969.1003134796238
Field_Soils_2024,Soil_5,540.0,1.0,1860.7868338557994,1592.1347962382445,1986.8218390804598,5439.743469174504
